title,start_time,end_time,description,exercise_title,superset_id,exercise_notes,set_index,set_type,weight_kg,weight_lbs,reps,distance_km,distance_miles,duration_seconds,rpe
Push Day,"15 Feb 2026, 07:23","15 Feb 2026, 08:35",,Bench Press (Barbell),,,0,warmup,37.50,82.67,10,,,,
Push Day,"15 Feb 2026, 07:23","15 Feb 2026, 08:35",,Bench Press (Barbell),,,1,normal,70.00,154.32,6,,,,
Push Day,"15 Feb 2026, 07:23","15 Feb 2026, 08:35",,Bench Press (Barbell),,,2,normal,70.00,154.32,7,,,,
Push Day,"15 Feb 2026, 07:23","15 Feb 2026, 08:35",,Bench Press (Barbell),,,3,normal,70.00,154.32,7,,,,
Push Day,"15 Feb 2026, 07:23","15 Feb 2026, 08:35",,Overhead Press (Barbell),,,0,warmup,25.00,55.12,8,,,,
Push Day,"15 Feb 2026, 07:23","15 Feb 2026, 08:35",,Overhead Press (Barbell),,,1,normal,45.00,99.21,7,,,,
Push Day,"15 Feb 2026, 07:23","15 Feb 2026, 08:35",,Overhead Press (Barbell),,,2,normal,45.00,99.21,4,,,,
Push Day,"15 Feb 2026, 07:23","15 Feb 2026, 08:35",,Overhead Press (Barbell),,,3,normal,45.00,99.21,8,,,,
Push Day,"15 Feb 2026, 07:23","15 Feb 2026, 08:35",,Incline Bench Press (Dumbbell),,,0,normal,20.00,44.09,12,,,,
Push Day,"15 Feb 2026, 07:23","15 Feb 2026, 08:35",,Incline Bench Press (Dumbbell),,,1,normal,22.50,49.60,8,,,,
Push Day,"15 Feb 2026, 07:23","15 Feb 2026, 08:35",,Incline Bench Press (Dumbbell),,,2,normal,22.50,49.60,9,,,,
Push Day,"15 Feb 2026, 07:23","15 Feb 2026, 08:35",,Lateral Raise (Dumbbell),,,0,normal,10.00,22.05,13,,,,
Push Day,"15 Feb 2026, 07:23","15 Feb 2026, 08:35",,Lateral Raise (Dumbbell),,,1,normal,10.00,22.05,13,,,,
Push Day,"15 Feb 2026, 07:23","15 Feb 2026, 08:35",,Lateral Raise (Dumbbell),,,2,normal,10.00,22.05,11,,,,
Push Day,"15 Feb 2026, 07:23","15 Feb 2026, 08:35",,Triceps Pushdown,,,0,normal,25.00,55.12,13,,,,
Push Day,"15 Feb 2026, 07:23","15 Feb 2026, 08:35",,Triceps Pushdown,,,1,normal,25.00,55.12,13,,,,
Push Day,"15 Feb 2026, 07:23","15 Feb 2026, 08:35",,Triceps Pushdown,,,2,normal,25.00,55.12,14,,,,
Pull Day,"19 Feb 2026, 07:18","19 Feb 2026, 08:40",,Deadlift (Barbell),,,0,warmup,60.00,132.28,10,,,,
Pull Day,"19 Feb 2026, 07:18","19 Feb 2026, 08:40",,Deadlift (Barbell),,,1,warmup,60.00,132.28,10,,,,
Pull Day,"19 Feb 2026, 07:18","19 Feb 2026, 08:40",,Deadlift (Barbell),,,2,normal,110.00,242.51,4,,,,
Pull Day,"19 Feb 2026, 07:18","19 Feb 2026, 08:40",,Deadlift (Barbell),,,3,normal,110.00,242.51,3,,,,
Pull Day,"19 Feb 2026, 07:18","19 Feb 2026, 08:40",,Deadlift (Barbell),,,4,normal,110.00,242.51,7,,,,
Pull Day,"19 Feb 2026, 07:18","19 Feb 2026, 08:40",,Lat Pulldown (Cable),,,0,normal,57.50,126.77,10,,,,
Pull Day,"19 Feb 2026, 07:18","19 Feb 2026, 08:40",,Lat Pulldown (Cable),,,1,normal,57.50,126.77,12,,,,
Pull Day,"19 Feb 2026, 07:18","19 Feb 2026, 08:40",,Lat Pulldown (Cable),,,2,normal,60.00,132.28,12,,,,
Pull Day,"19 Feb 2026, 07:18","19 Feb 2026, 08:40",,Lat Pulldown (Cable),,,3,normal,60.00,132.28,12,,,,
Pull Day,"19 Feb 2026, 07:18","19 Feb 2026, 08:40",,Bent Over Row (Barbell),,,0,normal,47.50,104.72,7,,,,
Pull Day,"19 Feb 2026, 07:18","19 Feb 2026, 08:40",,Bent Over Row (Barbell),,,1,normal,47.50,104.72,6,,,,
Pull Day,"19 Feb 2026, 07:18","19 Feb 2026, 08:40",,Bent Over Row (Barbell),,,2,normal,50.00,110.23,7,,,,
Pull Day,"19 Feb 2026, 07:18","19 Feb 2026, 08:40",,Pull Up,,,0,normal,,,8,,,,
Pull Day,"19 Feb 2026, 07:18","19 Feb 2026, 08:40",,Pull Up,,,1,normal,,,5,,,,
Pull Day,"19 Feb 2026, 07:18","19 Feb 2026, 08:40",,Pull Up,,,2,normal,,,9,,,,
Pull Day,"19 Feb 2026, 07:18","19 Feb 2026, 08:40",,Bicep Curl (Dumbbell),,,0,normal,12.50,27.56,12,,,,
Pull Day,"19 Feb 2026, 07:18","19 Feb 2026, 08:40",,Bicep Curl (Dumbbell),,,1,normal,10.00,22.05,8,,,,
Pull Day,"19 Feb 2026, 07:18","19 Feb 2026, 08:40",,Bicep Curl (Dumbbell),,,2,normal,12.50,27.56,12,,,,
Pull Day,"19 Feb 2026, 07:18","19 Feb 2026, 08:40",,Face Pull (Cable),,,0,normal,15.00,33.07,15,,,,
Pull Day,"19 Feb 2026, 07:18","19 Feb 2026, 08:40",,Face Pull (Cable),,,1,normal,15.00,33.07,14,,,,
Pull Day,"19 Feb 2026, 07:18","19 Feb 2026, 08:40",,Face Pull (Cable),,,2,normal,15.00,33.07,15,,,,
Leg Day,"23 Feb 2026, 08:22","23 Feb 2026, 09:51",,Squat (Barbell),,,0,warmup,50.00,110.23,6,,,,
Leg Day,"23 Feb 2026, 08:22","23 Feb 2026, 09:51",,Squat (Barbell),,,1,warmup,50.00,110.23,7,,,,
Leg Day,"23 Feb 2026, 08:22","23 Feb 2026, 09:51",,Squat (Barbell),,,2,normal,92.50,203.93,6,,,,
Leg Day,"23 Feb 2026, 08:22","23 Feb 2026, 09:51",,Squat (Barbell),,,3,normal,92.50,203.93,4,,,,
Leg Day,"23 Feb 2026, 08:22","23 Feb 2026, 09:51",,Squat (Barbell),,,4,normal,90.00,198.42,8,,,,
Leg Day,"23 Feb 2026, 08:22","23 Feb 2026, 09:51",,Romanian Deadlift (Barbell),,,0,normal,72.50,159.83,6,,,,
Leg Day,"23 Feb 2026, 08:22","23 Feb 2026, 09:51",,Romanian Deadlift (Barbell),,,1,normal,70.00,154.32,7,,,,
Leg Day,"23 Feb 2026, 08:22","23 Feb 2026, 09:51",,Romanian Deadlift (Barbell),,,2,normal,72.50,159.83,7,,,,
Leg Day,"23 Feb 2026, 08:22","23 Feb 2026, 09:51",,Leg Press,,,0,normal,122.50,270.07,10,,,,
Leg Day,"23 Feb 2026, 08:22","23 Feb 2026, 09:51",,Leg Press,,,1,normal,122.50,270.07,12,,,,
Leg Day,"23 Feb 2026, 08:22","23 Feb 2026, 09:51",,Leg Press,,,2,normal,122.50,270.07,13,,,,
Leg Day,"23 Feb 2026, 08:22","23 Feb 2026, 09:51",,Leg Curl (Lying),,,0,normal,25.00,55.12,12,,,,
Leg Day,"23 Feb 2026, 08:22","23 Feb 2026, 09:51",,Leg Curl (Lying),,,1,normal,25.00,55.12,14,,,,
Leg Day,"23 Feb 2026, 08:22","23 Feb 2026, 09:51",,Leg Curl (Lying),,,2,normal,22.50,49.60,14,,,,
Leg Day,"23 Feb 2026, 08:22","23 Feb 2026, 09:51",,Calf Raise (Standing),,,0,normal,60.00,132.28,13,,,,
Leg Day,"23 Feb 2026, 08:22","23 Feb 2026, 09:51",,Calf Raise (Standing),,,1,normal,60.00,132.28,14,,,,
Leg Day,"23 Feb 2026, 08:22","23 Feb 2026, 09:51",,Calf Raise (Standing),,,2,normal,60.00,132.28,13,,,,
Leg Day,"23 Feb 2026, 08:22","23 Feb 2026, 09:51",,Plank,,,0,normal,,,3,,,,
Leg Day,"23 Feb 2026, 08:22","23 Feb 2026, 09:51",,Plank,,,1,normal,,,3,,,,
Push Day,"27 Feb 2026, 08:22","27 Feb 2026, 09:44",,Bench Press (Barbell),,,0,warmup,37.50,82.67,7,,,,
Push Day,"27 Feb 2026, 08:22","27 Feb 2026, 09:44",,Bench Press (Barbell),,,1,normal,72.50,159.83,7,,,,
Push Day,"27 Feb 2026, 08:22","27 Feb 2026, 09:44",,Bench Press (Barbell),,,2,normal,72.50,159.83,7,,,,
Push Day,"27 Feb 2026, 08:22","27 Feb 2026, 09:44",,Bench Press (Barbell),,,3,normal,72.50,159.83,8,,,,
Push Day,"27 Feb 2026, 08:22","27 Feb 2026, 09:44",,Overhead Press (Barbell),,,0,warmup,25.00,55.12,9,,,,
Push Day,"27 Feb 2026, 08:22","27 Feb 2026, 09:44",,Overhead Press (Barbell),,,1,normal,45.00,99.21,4,,,,
Push Day,"27 Feb 2026, 08:22","27 Feb 2026, 09:44",,Overhead Press (Barbell),,,2,normal,42.50,93.70,7,,,,
Push Day,"27 Feb 2026, 08:22","27 Feb 2026, 09:44",,Overhead Press (Barbell),,,3,normal,45.00,99.21,4,,,,
Push Day,"27 Feb 2026, 08:22","27 Feb 2026, 09:44",,Incline Bench Press (Dumbbell),,,0,normal,20.00,44.09,9,,,,
Push Day,"27 Feb 2026, 08:22","27 Feb 2026, 09:44",,Incline Bench Press (Dumbbell),,,1,normal,22.50,49.60,10,,,,
Push Day,"27 Feb 2026, 08:22","27 Feb 2026, 09:44",,Incline Bench Press (Dumbbell),,,2,normal,22.50,49.60,11,,,,
Push Day,"27 Feb 2026, 08:22","27 Feb 2026, 09:44",,Lateral Raise (Dumbbell),,,0,normal,10.00,22.05,13,,,,
Push Day,"27 Feb 2026, 08:22","27 Feb 2026, 09:44",,Lateral Raise (Dumbbell),,,1,normal,10.00,22.05,10,,,,
Push Day,"27 Feb 2026, 08:22","27 Feb 2026, 09:44",,Lateral Raise (Dumbbell),,,2,normal,7.50,16.53,11,,,,
Push Day,"27 Feb 2026, 08:22","27 Feb 2026, 09:44",,Triceps Pushdown,,,0,normal,25.00,55.12,12,,,,
Push Day,"27 Feb 2026, 08:22","27 Feb 2026, 09:44",,Triceps Pushdown,,,1,normal,25.00,55.12,11,,,,
Push Day,"27 Feb 2026, 08:22","27 Feb 2026, 09:44",,Triceps Pushdown,,,2,normal,25.00,55.12,10,,,,
Pull Day,"02 Mar 2026, 18:03","02 Mar 2026, 19:03",,Deadlift (Barbell),,,0,warmup,60.00,132.28,7,,,,
Pull Day,"02 Mar 2026, 18:03","02 Mar 2026, 19:03",,Deadlift (Barbell),,,1,warmup,60.00,132.28,7,,,,
Pull Day,"02 Mar 2026, 18:03","02 Mar 2026, 19:03",,Deadlift (Barbell),,,2,normal,115.00,253.53,3,,,,
Pull Day,"02 Mar 2026, 18:03","02 Mar 2026, 19:03",,Deadlift (Barbell),,,3,normal,115.00,253.53,4,,,,
Pull Day,"02 Mar 2026, 18:03","02 Mar 2026, 19:03",,Deadlift (Barbell),,,4,normal,115.00,253.53,3,,,,
Pull Day,"02 Mar 2026, 18:03","02 Mar 2026, 19:03",,Lat Pulldown (Cable),,,0,normal,62.50,137.79,12,,,,
Pull Day,"02 Mar 2026, 18:03","02 Mar 2026, 19:03",,Lat Pulldown (Cable),,,1,normal,62.50,137.79,11,,,,
Pull Day,"02 Mar 2026, 18:03","02 Mar 2026, 19:03",,Lat Pulldown (Cable),,,2,normal,62.50,137.79,9,,,,
Pull Day,"02 Mar 2026, 18:03","02 Mar 2026, 19:03",,Lat Pulldown (Cable),,,3,normal,62.50,137.79,9,,,,
Pull Day,"02 Mar 2026, 18:03","02 Mar 2026, 19:03",,Bent Over Row (Barbell),,,0,normal,52.50,115.74,7,,,,
Pull Day,"02 Mar 2026, 18:03","02 Mar 2026, 19:03",,Bent Over Row (Barbell),,,1,normal,52.50,115.74,6,,,,
Pull Day,"02 Mar 2026, 18:03","02 Mar 2026, 19:03",,Bent Over Row (Barbell),,,2,normal,52.50,115.74,8,,,,
Pull Day,"02 Mar 2026, 18:03","02 Mar 2026, 19:03",,Pull Up,,,0,normal,,,8,,,,
Pull Day,"02 Mar 2026, 18:03","02 Mar 2026, 19:03",,Pull Up,,,1,normal,,,6,,,,
Pull Day,"02 Mar 2026, 18:03","02 Mar 2026, 19:03",,Pull Up,,,2,normal,,,7,,,,
Pull Day,"02 Mar 2026, 18:03","02 Mar 2026, 19:03",,Bicep Curl (Dumbbell),,,0,normal,12.50,27.56,8,,,,
Pull Day,"02 Mar 2026, 18:03","02 Mar 2026, 19:03",,Bicep Curl (Dumbbell),,,1,normal,12.50,27.56,8,,,,
Pull Day,"02 Mar 2026, 18:03","02 Mar 2026, 19:03",,Bicep Curl (Dumbbell),,,2,normal,12.50,27.56,9,,,,
Pull Day,"02 Mar 2026, 18:03","02 Mar 2026, 19:03",,Face Pull (Cable),,,0,normal,15.00,33.07,16,,,,
Pull Day,"02 Mar 2026, 18:03","02 Mar 2026, 19:03",,Face Pull (Cable),,,1,normal,15.00,33.07,14,,,,
Pull Day,"02 Mar 2026, 18:03","02 Mar 2026, 19:03",,Face Pull (Cable),,,2,normal,15.00,33.07,14,,,,
Leg Day,"10 Mar 2026, 07:17","10 Mar 2026, 08:30",,Squat (Barbell),,,0,warmup,50.00,110.23,8,,,,
Leg Day,"10 Mar 2026, 07:17","10 Mar 2026, 08:30",,Squat (Barbell),,,1,warmup,50.00,110.23,7,,,,
Leg Day,"10 Mar 2026, 07:17","10 Mar 2026, 08:30",,Squat (Barbell),,,2,normal,95.00,209.44,4,,,,
Leg Day,"10 Mar 2026, 07:17","10 Mar 2026, 08:30",,Squat (Barbell),,,3,normal,95.00,209.44,6,,,,
Leg Day,"10 Mar 2026, 07:17","10 Mar 2026, 08:30",,Squat (Barbell),,,4,normal,95.00,209.44,8,,,,
Leg Day,"10 Mar 2026, 07:17","10 Mar 2026, 08:30",,Romanian Deadlift (Barbell),,,0,normal,75.00,165.35,10,,,,
Leg Day,"10 Mar 2026, 07:17","10 Mar 2026, 08:30",,Romanian Deadlift (Barbell),,,1,normal,75.00,165.35,6,,,,
Leg Day,"10 Mar 2026, 07:17","10 Mar 2026, 08:30",,Romanian Deadlift (Barbell),,,2,normal,72.50,159.83,8,,,,
Leg Day,"10 Mar 2026, 07:17","10 Mar 2026, 08:30",,Leg Press,,,0,normal,127.50,281.09,12,,,,
Leg Day,"10 Mar 2026, 07:17","10 Mar 2026, 08:30",,Leg Press,,,1,normal,125.00,275.58,14,,,,
Leg Day,"10 Mar 2026, 07:17","10 Mar 2026, 08:30",,Leg Press,,,2,normal,127.50,281.09,12,,,,
Leg Day,"10 Mar 2026, 07:17","10 Mar 2026, 08:30",,Leg Curl (Lying),,,0,normal,27.50,60.63,14,,,,
Leg Day,"10 Mar 2026, 07:17","10 Mar 2026, 08:30",,Leg Curl (Lying),,,1,normal,25.00,55.12,14,,,,
Leg Day,"10 Mar 2026, 07:17","10 Mar 2026, 08:30",,Leg Curl (Lying),,,2,normal,27.50,60.63,10,,,,
Leg Day,"10 Mar 2026, 07:17","10 Mar 2026, 08:30",,Calf Raise (Standing),,,0,normal,62.50,137.79,13,,,,
Leg Day,"10 Mar 2026, 07:17","10 Mar 2026, 08:30",,Calf Raise (Standing),,,1,normal,62.50,137.79,17,,,,
Leg Day,"10 Mar 2026, 07:17","10 Mar 2026, 08:30",,Calf Raise (Standing),,,2,normal,62.50,137.79,14,,,,
Leg Day,"10 Mar 2026, 07:17","10 Mar 2026, 08:30",,Plank,,,0,normal,,,3,,,,
Leg Day,"10 Mar 2026, 07:17","10 Mar 2026, 08:30",,Plank,,,1,normal,,,3,,,,
Push Day,"11 Mar 2026, 18:18","11 Mar 2026, 19:25",,Bench Press (Barbell),,,0,warmup,37.50,82.67,5,,,,
Push Day,"11 Mar 2026, 18:18","11 Mar 2026, 19:25",,Bench Press (Barbell),,,1,normal,75.00,165.35,8,,,,
Push Day,"11 Mar 2026, 18:18","11 Mar 2026, 19:25",,Bench Press (Barbell),,,2,normal,75.00,165.35,6,,,,
Push Day,"11 Mar 2026, 18:18","11 Mar 2026, 19:25",,Bench Press (Barbell),,,3,normal,75.00,165.35,8,,,,
Push Day,"11 Mar 2026, 18:18","11 Mar 2026, 19:25",,Overhead Press (Barbell),,,0,warmup,25.00,55.12,9,,,,
Push Day,"11 Mar 2026, 18:18","11 Mar 2026, 19:25",,Overhead Press (Barbell),,,1,normal,45.00,99.21,7,,,,
Push Day,"11 Mar 2026, 18:18","11 Mar 2026, 19:25",,Overhead Press (Barbell),,,2,normal,45.00,99.21,6,,,,
Push Day,"11 Mar 2026, 18:18","11 Mar 2026, 19:25",,Overhead Press (Barbell),,,3,normal,45.00,99.21,5,,,,
Push Day,"11 Mar 2026, 18:18","11 Mar 2026, 19:25",,Incline Bench Press (Dumbbell),,,0,normal,25.00,55.12,11,,,,
Push Day,"11 Mar 2026, 18:18","11 Mar 2026, 19:25",,Incline Bench Press (Dumbbell),,,1,normal,25.00,55.12,9,,,,
Push Day,"11 Mar 2026, 18:18","11 Mar 2026, 19:25",,Incline Bench Press (Dumbbell),,,2,normal,25.00,55.12,10,,,,
Push Day,"11 Mar 2026, 18:18","11 Mar 2026, 19:25",,Lateral Raise (Dumbbell),,,0,normal,10.00,22.05,10,,,,
Push Day,"11 Mar 2026, 18:18","11 Mar 2026, 19:25",,Lateral Raise (Dumbbell),,,1,normal,10.00,22.05,11,,,,
Push Day,"11 Mar 2026, 18:18","11 Mar 2026, 19:25",,Lateral Raise (Dumbbell),,,2,normal,10.00,22.05,14,,,,
Push Day,"11 Mar 2026, 18:18","11 Mar 2026, 19:25",,Triceps Pushdown,,,0,normal,27.50,60.63,12,,,,
Push Day,"11 Mar 2026, 18:18","11 Mar 2026, 19:25",,Triceps Pushdown,,,1,normal,27.50,60.63,13,,,,
Push Day,"11 Mar 2026, 18:18","11 Mar 2026, 19:25",,Triceps Pushdown,,,2,normal,27.50,60.63,14,,,,
Pull Day,"12 Mar 2026, 07:21","12 Mar 2026, 08:30",,Deadlift (Barbell),,,0,warmup,60.00,132.28,8,,,,
Pull Day,"12 Mar 2026, 07:21","12 Mar 2026, 08:30",,Deadlift (Barbell),,,1,warmup,60.00,132.28,10,,,,
Pull Day,"12 Mar 2026, 07:21","12 Mar 2026, 08:30",,Deadlift (Barbell),,,2,normal,117.50,259.04,3,,,,
Pull Day,"12 Mar 2026, 07:21","12 Mar 2026, 08:30",,Deadlift (Barbell),,,3,normal,117.50,259.04,7,,,,
Pull Day,"12 Mar 2026, 07:21","12 Mar 2026, 08:30",,Deadlift (Barbell),,,4,normal,117.50,259.04,4,,,,
Pull Day,"12 Mar 2026, 07:21","12 Mar 2026, 08:30",,Lat Pulldown (Cable),,,0,normal,62.50,137.79,9,,,,
Pull Day,"12 Mar 2026, 07:21","12 Mar 2026, 08:30",,Lat Pulldown (Cable),,,1,normal,62.50,137.79,9,,,,
Pull Day,"12 Mar 2026, 07:21","12 Mar 2026, 08:30",,Lat Pulldown (Cable),,,2,normal,60.00,132.28,9,,,,
Pull Day,"12 Mar 2026, 07:21","12 Mar 2026, 08:30",,Lat Pulldown (Cable),,,3,normal,62.50,137.79,12,,,,
Pull Day,"12 Mar 2026, 07:21","12 Mar 2026, 08:30",,Bent Over Row (Barbell),,,0,normal,52.50,115.74,6,,,,
Pull Day,"12 Mar 2026, 07:21","12 Mar 2026, 08:30",,Bent Over Row (Barbell),,,1,normal,52.50,115.74,10,,,,
Pull Day,"12 Mar 2026, 07:21","12 Mar 2026, 08:30",,Bent Over Row (Barbell),,,2,normal,52.50,115.74,9,,,,
Pull Day,"12 Mar 2026, 07:21","12 Mar 2026, 08:30",,Pull Up,,,0,normal,,,8,,,,
Pull Day,"12 Mar 2026, 07:21","12 Mar 2026, 08:30",,Pull Up,,,1,normal,,,8,,,,
Pull Day,"12 Mar 2026, 07:21","12 Mar 2026, 08:30",,Pull Up,,,2,normal,,,6,,,,
Pull Day,"12 Mar 2026, 07:21","12 Mar 2026, 08:30",,Bicep Curl (Dumbbell),,,0,normal,10.00,22.05,8,,,,
Pull Day,"12 Mar 2026, 07:21","12 Mar 2026, 08:30",,Bicep Curl (Dumbbell),,,1,normal,12.50,27.56,8,,,,
Pull Day,"12 Mar 2026, 07:21","12 Mar 2026, 08:30",,Bicep Curl (Dumbbell),,,2,normal,12.50,27.56,9,,,,
Pull Day,"12 Mar 2026, 07:21","12 Mar 2026, 08:30",,Face Pull (Cable),,,0,normal,15.00,33.07,17,,,,
Pull Day,"12 Mar 2026, 07:21","12 Mar 2026, 08:30",,Face Pull (Cable),,,1,normal,15.00,33.07,17,,,,
Pull Day,"12 Mar 2026, 07:21","12 Mar 2026, 08:30",,Face Pull (Cable),,,2,normal,15.00,33.07,13,,,,
Leg Day,"13 Mar 2026, 07:27","13 Mar 2026, 08:36",,Squat (Barbell),,,0,warmup,50.00,110.23,8,,,,
Leg Day,"13 Mar 2026, 07:27","13 Mar 2026, 08:36",,Squat (Barbell),,,1,warmup,50.00,110.23,6,,,,
Leg Day,"13 Mar 2026, 07:27","13 Mar 2026, 08:36",,Squat (Barbell),,,2,normal,95.00,209.44,8,,,,
Leg Day,"13 Mar 2026, 07:27","13 Mar 2026, 08:36",,Squat (Barbell),,,3,normal,95.00,209.44,8,,,,
Leg Day,"13 Mar 2026, 07:27","13 Mar 2026, 08:36",,Squat (Barbell),,,4,normal,95.00,209.44,7,,,,
Leg Day,"13 Mar 2026, 07:27","13 Mar 2026, 08:36",,Romanian Deadlift (Barbell),,,0,normal,75.00,165.35,10,,,,
Leg Day,"13 Mar 2026, 07:27","13 Mar 2026, 08:36",,Romanian Deadlift (Barbell),,,1,normal,75.00,165.35,10,,,,
Leg Day,"13 Mar 2026, 07:27","13 Mar 2026, 08:36",,Romanian Deadlift (Barbell),,,2,normal,75.00,165.35,7,,,,
Leg Day,"13 Mar 2026, 07:27","13 Mar 2026, 08:36",,Leg Press,,,0,normal,130.00,286.60,13,,,,
Leg Day,"13 Mar 2026, 07:27","13 Mar 2026, 08:36",,Leg Press,,,1,normal,130.00,286.60,11,,,,
Leg Day,"13 Mar 2026, 07:27","13 Mar 2026, 08:36",,Leg Press,,,2,normal,130.00,286.60,12,,,,
Leg Day,"13 Mar 2026, 07:27","13 Mar 2026, 08:36",,Leg Curl (Lying),,,0,normal,27.50,60.63,14,,,,
Leg Day,"13 Mar 2026, 07:27","13 Mar 2026, 08:36",,Leg Curl (Lying),,,1,normal,27.50,60.63,11,,,,
Leg Day,"13 Mar 2026, 07:27","13 Mar 2026, 08:36",,Leg Curl (Lying),,,2,normal,27.50,60.63,10,,,,
Leg Day,"13 Mar 2026, 07:27","13 Mar 2026, 08:36",,Calf Raise (Standing),,,0,normal,62.50,137.79,14,,,,
Leg Day,"13 Mar 2026, 07:27","13 Mar 2026, 08:36",,Calf Raise (Standing),,,1,normal,62.50,137.79,15,,,,
Leg Day,"13 Mar 2026, 07:27","13 Mar 2026, 08:36",,Calf Raise (Standing),,,2,normal,62.50,137.79,13,,,,
Leg Day,"13 Mar 2026, 07:27","13 Mar 2026, 08:36",,Plank,,,0,normal,,,3,,,,
Leg Day,"13 Mar 2026, 07:27","13 Mar 2026, 08:36",,Plank,,,1,normal,,,3,,,,
Push Day,"14 Mar 2026, 19:08","14 Mar 2026, 20:32",,Bench Press (Barbell),,,0,warmup,37.50,82.67,6,,,,
Push Day,"14 Mar 2026, 19:08","14 Mar 2026, 20:32",,Bench Press (Barbell),,,1,normal,75.00,165.35,7,,,,
Push Day,"14 Mar 2026, 19:08","14 Mar 2026, 20:32",,Bench Press (Barbell),,,2,normal,75.00,165.35,6,,,,
Push Day,"14 Mar 2026, 19:08","14 Mar 2026, 20:32",,Bench Press (Barbell),,,3,normal,75.00,165.35,8,,,,
Push Day,"14 Mar 2026, 19:08","14 Mar 2026, 20:32",,Overhead Press (Barbell),,,0,warmup,25.00,55.12,9,,,,
Push Day,"14 Mar 2026, 19:08","14 Mar 2026, 20:32",,Overhead Press (Barbell),,,1,normal,45.00,99.21,4,,,,
Push Day,"14 Mar 2026, 19:08","14 Mar 2026, 20:32",,Overhead Press (Barbell),,,2,normal,45.00,99.21,7,,,,
Push Day,"14 Mar 2026, 19:08","14 Mar 2026, 20:32",,Overhead Press (Barbell),,,3,normal,45.00,99.21,8,,,,
Push Day,"14 Mar 2026, 19:08","14 Mar 2026, 20:32",,Incline Bench Press (Dumbbell),,,0,normal,25.00,55.12,8,,,,
Push Day,"14 Mar 2026, 19:08","14 Mar 2026, 20:32",,Incline Bench Press (Dumbbell),,,1,normal,25.00,55.12,12,,,,
Push Day,"14 Mar 2026, 19:08","14 Mar 2026, 20:32",,Incline Bench Press (Dumbbell),,,2,normal,25.00,55.12,8,,,,
Push Day,"14 Mar 2026, 19:08","14 Mar 2026, 20:32",,Lateral Raise (Dumbbell),,,0,normal,10.00,22.05,12,,,,
Push Day,"14 Mar 2026, 19:08","14 Mar 2026, 20:32",,Lateral Raise (Dumbbell),,,1,normal,10.00,22.05,13,,,,
Push Day,"14 Mar 2026, 19:08","14 Mar 2026, 20:32",,Lateral Raise (Dumbbell),,,2,normal,10.00,22.05,14,,,,
Push Day,"14 Mar 2026, 19:08","14 Mar 2026, 20:32",,Triceps Pushdown,,,0,normal,27.50,60.63,11,,,,
Push Day,"14 Mar 2026, 19:08","14 Mar 2026, 20:32",,Triceps Pushdown,,,1,normal,27.50,60.63,12,,,,
Push Day,"14 Mar 2026, 19:08","14 Mar 2026, 20:32",,Triceps Pushdown,,,2,normal,27.50,60.63,10,,,,
Pull Day,"15 Mar 2026, 18:05","15 Mar 2026, 19:23",,Deadlift (Barbell),,,0,warmup,60.00,132.28,8,,,,
Pull Day,"15 Mar 2026, 18:05","15 Mar 2026, 19:23",,Deadlift (Barbell),,,1,warmup,60.00,132.28,7,,,,
Pull Day,"15 Mar 2026, 18:05","15 Mar 2026, 19:23",,Deadlift (Barbell),,,2,normal,117.50,259.04,6,,,,
Pull Day,"15 Mar 2026, 18:05","15 Mar 2026, 19:23",,Deadlift (Barbell),,,3,normal,117.50,259.04,6,,,,
Pull Day,"15 Mar 2026, 18:05","15 Mar 2026, 19:23",,Deadlift (Barbell),,,4,normal,117.50,259.04,7,,,,
Pull Day,"15 Mar 2026, 18:05","15 Mar 2026, 19:23",,Lat Pulldown (Cable),,,0,normal,65.00,143.30,11,,,,
Pull Day,"15 Mar 2026, 18:05","15 Mar 2026, 19:23",,Lat Pulldown (Cable),,,1,normal,65.00,143.30,8,,,,
Pull Day,"15 Mar 2026, 18:05","15 Mar 2026, 19:23",,Lat Pulldown (Cable),,,2,normal,62.50,137.79,11,,,,
Pull Day,"15 Mar 2026, 18:05","15 Mar 2026, 19:23",,Lat Pulldown (Cable),,,3,normal,62.50,137.79,11,,,,
Pull Day,"15 Mar 2026, 18:05","15 Mar 2026, 19:23",,Bent Over Row (Barbell),,,0,normal,52.50,115.74,8,,,,
Pull Day,"15 Mar 2026, 18:05","15 Mar 2026, 19:23",,Bent Over Row (Barbell),,,1,normal,52.50,115.74,7,,,,
Pull Day,"15 Mar 2026, 18:05","15 Mar 2026, 19:23",,Bent Over Row (Barbell),,,2,normal,52.50,115.74,8,,,,
Pull Day,"15 Mar 2026, 18:05","15 Mar 2026, 19:23",,Pull Up,,,0,normal,,,9,,,,
Pull Day,"15 Mar 2026, 18:05","15 Mar 2026, 19:23",,Pull Up,,,1,normal,,,8,,,,
Pull Day,"15 Mar 2026, 18:05","15 Mar 2026, 19:23",,Pull Up,,,2,normal,,,9,,,,
Pull Day,"15 Mar 2026, 18:05","15 Mar 2026, 19:23",,Bicep Curl (Dumbbell),,,0,normal,12.50,27.56,8,,,,
Pull Day,"15 Mar 2026, 18:05","15 Mar 2026, 19:23",,Bicep Curl (Dumbbell),,,1,normal,12.50,27.56,12,,,,
Pull Day,"15 Mar 2026, 18:05","15 Mar 2026, 19:23",,Bicep Curl (Dumbbell),,,2,normal,10.00,22.05,10,,,,
Pull Day,"15 Mar 2026, 18:05","15 Mar 2026, 19:23",,Face Pull (Cable),,,0,normal,15.00,33.07,13,,,,
Pull Day,"15 Mar 2026, 18:05","15 Mar 2026, 19:23",,Face Pull (Cable),,,1,normal,15.00,33.07,13,,,,
Pull Day,"15 Mar 2026, 18:05","15 Mar 2026, 19:23",,Face Pull (Cable),,,2,normal,15.00,33.07,14,,,,
Leg Day,"17 Mar 2026, 07:19","17 Mar 2026, 08:54",,Squat (Barbell),,,0,warmup,50.00,110.23,6,,,,
Leg Day,"17 Mar 2026, 07:19","17 Mar 2026, 08:54",,Squat (Barbell),,,1,warmup,50.00,110.23,5,,,,
Leg Day,"17 Mar 2026, 07:19","17 Mar 2026, 08:54",,Squat (Barbell),,,2,normal,95.00,209.44,5,,,,
Leg Day,"17 Mar 2026, 07:19","17 Mar 2026, 08:54",,Squat (Barbell),,,3,normal,92.50,203.93,4,,,,
Leg Day,"17 Mar 2026, 07:19","17 Mar 2026, 08:54",,Squat (Barbell),,,4,normal,95.00,209.44,5,,,,
Leg Day,"17 Mar 2026, 07:19","17 Mar 2026, 08:54",,Romanian Deadlift (Barbell),,,0,normal,75.00,165.35,8,,,,
Leg Day,"17 Mar 2026, 07:19","17 Mar 2026, 08:54",,Romanian Deadlift (Barbell),,,1,normal,75.00,165.35,7,,,,
Leg Day,"17 Mar 2026, 07:19","17 Mar 2026, 08:54",,Romanian Deadlift (Barbell),,,2,normal,75.00,165.35,6,,,,
Leg Day,"17 Mar 2026, 07:19","17 Mar 2026, 08:54",,Leg Press,,,0,normal,130.00,286.60,11,,,,
Leg Day,"17 Mar 2026, 07:19","17 Mar 2026, 08:54",,Leg Press,,,1,normal,130.00,286.60,10,,,,
Leg Day,"17 Mar 2026, 07:19","17 Mar 2026, 08:54",,Leg Press,,,2,normal,130.00,286.60,12,,,,
Leg Day,"17 Mar 2026, 07:19","17 Mar 2026, 08:54",,Leg Curl (Lying),,,0,normal,27.50,60.63,13,,,,
Leg Day,"17 Mar 2026, 07:19","17 Mar 2026, 08:54",,Leg Curl (Lying),,,1,normal,27.50,60.63,11,,,,
Leg Day,"17 Mar 2026, 07:19","17 Mar 2026, 08:54",,Leg Curl (Lying),,,2,normal,25.00,55.12,11,,,,
Leg Day,"17 Mar 2026, 07:19","17 Mar 2026, 08:54",,Calf Raise (Standing),,,0,normal,60.00,132.28,15,,,,
Leg Day,"17 Mar 2026, 07:19","17 Mar 2026, 08:54",,Calf Raise (Standing),,,1,normal,62.50,137.79,17,,,,
Leg Day,"17 Mar 2026, 07:19","17 Mar 2026, 08:54",,Calf Raise (Standing),,,2,normal,62.50,137.79,17,,,,
Leg Day,"17 Mar 2026, 07:19","17 Mar 2026, 08:54",,Plank,,,0,normal,,,3,,,,
Leg Day,"17 Mar 2026, 07:19","17 Mar 2026, 08:54",,Plank,,,1,normal,,,3,,,,
Push Day,"19 Mar 2026, 08:14","19 Mar 2026, 09:33",,Bench Press (Barbell),,,0,warmup,37.50,82.67,9,,,,
Push Day,"19 Mar 2026, 08:14","19 Mar 2026, 09:33",,Bench Press (Barbell),,,1,normal,75.00,165.35,8,,,,
Push Day,"19 Mar 2026, 08:14","19 Mar 2026, 09:33",,Bench Press (Barbell),,,2,normal,72.50,159.83,8,,,,
Push Day,"19 Mar 2026, 08:14","19 Mar 2026, 09:33",,Bench Press (Barbell),,,3,normal,72.50,159.83,9,,,,
Push Day,"19 Mar 2026, 08:14","19 Mar 2026, 09:33",,Overhead Press (Barbell),,,0,warmup,25.00,55.12,8,,,,
Push Day,"19 Mar 2026, 08:14","19 Mar 2026, 09:33",,Overhead Press (Barbell),,,1,normal,42.50,93.70,6,,,,
Push Day,"19 Mar 2026, 08:14","19 Mar 2026, 09:33",,Overhead Press (Barbell),,,2,normal,45.00,99.21,7,,,,
Push Day,"19 Mar 2026, 08:14","19 Mar 2026, 09:33",,Overhead Press (Barbell),,,3,normal,45.00,99.21,7,,,,
Push Day,"19 Mar 2026, 08:14","19 Mar 2026, 09:33",,Incline Bench Press (Dumbbell),,,0,normal,25.00,55.12,12,,,,
Push Day,"19 Mar 2026, 08:14","19 Mar 2026, 09:33",,Incline Bench Press (Dumbbell),,,1,normal,25.00,55.12,10,,,,
Push Day,"19 Mar 2026, 08:14","19 Mar 2026, 09:33",,Incline Bench Press (Dumbbell),,,2,normal,25.00,55.12,12,,,,
Push Day,"19 Mar 2026, 08:14","19 Mar 2026, 09:33",,Lateral Raise (Dumbbell),,,0,normal,10.00,22.05,13,,,,
Push Day,"19 Mar 2026, 08:14","19 Mar 2026, 09:33",,Lateral Raise (Dumbbell),,,1,normal,10.00,22.05,14,,,,
Push Day,"19 Mar 2026, 08:14","19 Mar 2026, 09:33",,Lateral Raise (Dumbbell),,,2,normal,10.00,22.05,11,,,,
Push Day,"19 Mar 2026, 08:14","19 Mar 2026, 09:33",,Triceps Pushdown,,,0,normal,27.50,60.63,10,,,,
Push Day,"19 Mar 2026, 08:14","19 Mar 2026, 09:33",,Triceps Pushdown,,,1,normal,27.50,60.63,13,,,,
Push Day,"19 Mar 2026, 08:14","19 Mar 2026, 09:33",,Triceps Pushdown,,,2,normal,27.50,60.63,13,,,,
Pull Day,"21 Mar 2026, 08:21","21 Mar 2026, 09:36",,Deadlift (Barbell),,,0,warmup,60.00,132.28,9,,,,
Pull Day,"21 Mar 2026, 08:21","21 Mar 2026, 09:36",,Deadlift (Barbell),,,1,warmup,60.00,132.28,9,,,,
Pull Day,"21 Mar 2026, 08:21","21 Mar 2026, 09:36",,Deadlift (Barbell),,,2,normal,120.00,264.55,5,,,,
Pull Day,"21 Mar 2026, 08:21","21 Mar 2026, 09:36",,Deadlift (Barbell),,,3,normal,117.50,259.04,5,,,,
Pull Day,"21 Mar 2026, 08:21","21 Mar 2026, 09:36",,Deadlift (Barbell),,,4,normal,120.00,264.55,4,,,,
Pull Day,"21 Mar 2026, 08:21","21 Mar 2026, 09:36",,Lat Pulldown (Cable),,,0,normal,65.00,143.30,10,,,,
Pull Day,"21 Mar 2026, 08:21","21 Mar 2026, 09:36",,Lat Pulldown (Cable),,,1,normal,65.00,143.30,12,,,,
Pull Day,"21 Mar 2026, 08:21","21 Mar 2026, 09:36",,Lat Pulldown (Cable),,,2,normal,65.00,143.30,10,,,,
Pull Day,"21 Mar 2026, 08:21","21 Mar 2026, 09:36",,Lat Pulldown (Cable),,,3,normal,65.00,143.30,12,,,,
Pull Day,"21 Mar 2026, 08:21","21 Mar 2026, 09:36",,Bent Over Row (Barbell),,,0,normal,52.50,115.74,6,,,,
Pull Day,"21 Mar 2026, 08:21","21 Mar 2026, 09:36",,Bent Over Row (Barbell),,,1,normal,52.50,115.74,9,,,,
Pull Day,"21 Mar 2026, 08:21","21 Mar 2026, 09:36",,Bent Over Row (Barbell),,,2,normal,52.50,115.74,7,,,,
Pull Day,"21 Mar 2026, 08:21","21 Mar 2026, 09:36",,Pull Up,,,0,normal,,,9,,,,
Pull Day,"21 Mar 2026, 08:21","21 Mar 2026, 09:36",,Pull Up,,,1,normal,,,9,,,,
Pull Day,"21 Mar 2026, 08:21","21 Mar 2026, 09:36",,Pull Up,,,2,normal,,,9,,,,
Pull Day,"21 Mar 2026, 08:21","21 Mar 2026, 09:36",,Bicep Curl (Dumbbell),,,0,normal,12.50,27.56,8,,,,
Pull Day,"21 Mar 2026, 08:21","21 Mar 2026, 09:36",,Bicep Curl (Dumbbell),,,1,normal,12.50,27.56,11,,,,
Pull Day,"21 Mar 2026, 08:21","21 Mar 2026, 09:36",,Bicep Curl (Dumbbell),,,2,normal,12.50,27.56,10,,,,
Pull Day,"21 Mar 2026, 08:21","21 Mar 2026, 09:36",,Face Pull (Cable),,,0,normal,17.50,38.58,15,,,,
Pull Day,"21 Mar 2026, 08:21","21 Mar 2026, 09:36",,Face Pull (Cable),,,1,normal,17.50,38.58,17,,,,
Pull Day,"21 Mar 2026, 08:21","21 Mar 2026, 09:36",,Face Pull (Cable),,,2,normal,17.50,38.58,17,,,,
Leg Day,"22 Mar 2026, 07:07","22 Mar 2026, 08:04",,Squat (Barbell),,,0,warmup,50.00,110.23,7,,,,
Leg Day,"22 Mar 2026, 07:07","22 Mar 2026, 08:04",,Squat (Barbell),,,1,warmup,50.00,110.23,7,,,,
Leg Day,"22 Mar 2026, 07:07","22 Mar 2026, 08:04",,Squat (Barbell),,,2,normal,97.50,214.95,6,,,,
Leg Day,"22 Mar 2026, 07:07","22 Mar 2026, 08:04",,Squat (Barbell),,,3,normal,97.50,214.95,5,,,,
Leg Day,"22 Mar 2026, 07:07","22 Mar 2026, 08:04",,Squat (Barbell),,,4,normal,95.00,209.44,5,,,,
Leg Day,"22 Mar 2026, 07:07","22 Mar 2026, 08:04",,Romanian Deadlift (Barbell),,,0,normal,75.00,165.35,10,,,,
Leg Day,"22 Mar 2026, 07:07","22 Mar 2026, 08:04",,Romanian Deadlift (Barbell),,,1,normal,75.00,165.35,7,,,,
Leg Day,"22 Mar 2026, 07:07","22 Mar 2026, 08:04",,Romanian Deadlift (Barbell),,,2,normal,75.00,165.35,9,,,,
Leg Day,"22 Mar 2026, 07:07","22 Mar 2026, 08:04",,Leg Press,,,0,normal,132.50,292.11,14,,,,
Leg Day,"22 Mar 2026, 07:07","22 Mar 2026, 08:04",,Leg Press,,,1,normal,132.50,292.11,14,,,,
Leg Day,"22 Mar 2026, 07:07","22 Mar 2026, 08:04",,Leg Press,,,2,normal,132.50,292.11,10,,,,
Leg Day,"22 Mar 2026, 07:07","22 Mar 2026, 08:04",,Leg Curl (Lying),,,0,normal,27.50,60.63,12,,,,
Leg Day,"22 Mar 2026, 07:07","22 Mar 2026, 08:04",,Leg Curl (Lying),,,1,normal,27.50,60.63,11,,,,
Leg Day,"22 Mar 2026, 07:07","22 Mar 2026, 08:04",,Leg Curl (Lying),,,2,normal,27.50,60.63,14,,,,
Leg Day,"22 Mar 2026, 07:07","22 Mar 2026, 08:04",,Calf Raise (Standing),,,0,normal,60.00,132.28,13,,,,
Leg Day,"22 Mar 2026, 07:07","22 Mar 2026, 08:04",,Calf Raise (Standing),,,1,normal,62.50,137.79,17,,,,
Leg Day,"22 Mar 2026, 07:07","22 Mar 2026, 08:04",,Calf Raise (Standing),,,2,normal,62.50,137.79,14,,,,
Leg Day,"22 Mar 2026, 07:07","22 Mar 2026, 08:04",,Plank,,,0,normal,,,3,,,,
Leg Day,"22 Mar 2026, 07:07","22 Mar 2026, 08:04",,Plank,,,1,normal,,,3,,,,
Push Day,"23 Mar 2026, 19:08","23 Mar 2026, 20:07",,Bench Press (Barbell),,,0,warmup,37.50,82.67,5,,,,
Push Day,"23 Mar 2026, 19:08","23 Mar 2026, 20:07",,Bench Press (Barbell),,,1,normal,75.00,165.35,9,,,,
Push Day,"23 Mar 2026, 19:08","23 Mar 2026, 20:07",,Bench Press (Barbell),,,2,normal,75.00,165.35,8,,,,
Push Day,"23 Mar 2026, 19:08","23 Mar 2026, 20:07",,Bench Press (Barbell),,,3,normal,75.00,165.35,6,,,,
Push Day,"23 Mar 2026, 19:08","23 Mar 2026, 20:07",,Overhead Press (Barbell),,,0,warmup,25.00,55.12,7,,,,
Push Day,"23 Mar 2026, 19:08","23 Mar 2026, 20:07",,Overhead Press (Barbell),,,1,normal,45.00,99.21,7,,,,
Push Day,"23 Mar 2026, 19:08","23 Mar 2026, 20:07",,Overhead Press (Barbell),,,2,normal,42.50,93.70,4,,,,
Push Day,"23 Mar 2026, 19:08","23 Mar 2026, 20:07",,Overhead Press (Barbell),,,3,normal,45.00,99.21,4,,,,
Push Day,"23 Mar 2026, 19:08","23 Mar 2026, 20:07",,Incline Bench Press (Dumbbell),,,0,normal,25.00,55.12,8,,,,
Push Day,"23 Mar 2026, 19:08","23 Mar 2026, 20:07",,Incline Bench Press (Dumbbell),,,1,normal,25.00,55.12,12,,,,
Push Day,"23 Mar 2026, 19:08","23 Mar 2026, 20:07",,Incline Bench Press (Dumbbell),,,2,normal,25.00,55.12,8,,,,
Push Day,"23 Mar 2026, 19:08","23 Mar 2026, 20:07",,Lateral Raise (Dumbbell),,,0,normal,10.00,22.05,10,,,,
Push Day,"23 Mar 2026, 19:08","23 Mar 2026, 20:07",,Lateral Raise (Dumbbell),,,1,normal,10.00,22.05,13,,,,
Push Day,"23 Mar 2026, 19:08","23 Mar 2026, 20:07",,Lateral Raise (Dumbbell),,,2,normal,10.00,22.05,14,,,,
Push Day,"23 Mar 2026, 19:08","23 Mar 2026, 20:07",,Triceps Pushdown,,,0,normal,27.50,60.63,14,,,,
Push Day,"23 Mar 2026, 19:08","23 Mar 2026, 20:07",,Triceps Pushdown,,,1,normal,27.50,60.63,13,,,,
Push Day,"23 Mar 2026, 19:08","23 Mar 2026, 20:07",,Triceps Pushdown,,,2,normal,27.50,60.63,14,,,,
Pull Day,"25 Mar 2026, 18:06","25 Mar 2026, 19:32",,Deadlift (Barbell),,,0,warmup,60.00,132.28,8,,,,
Pull Day,"25 Mar 2026, 18:06","25 Mar 2026, 19:32",,Deadlift (Barbell),,,1,warmup,60.00,132.28,7,,,,
Pull Day,"25 Mar 2026, 18:06","25 Mar 2026, 19:32",,Deadlift (Barbell),,,2,normal,120.00,264.55,3,,,,
Pull Day,"25 Mar 2026, 18:06","25 Mar 2026, 19:32",,Deadlift (Barbell),,,3,normal,120.00,264.55,3,,,,
Pull Day,"25 Mar 2026, 18:06","25 Mar 2026, 19:32",,Deadlift (Barbell),,,4,normal,120.00,264.55,4,,,,
Pull Day,"25 Mar 2026, 18:06","25 Mar 2026, 19:32",,Lat Pulldown (Cable),,,0,normal,65.00,143.30,10,,,,
Pull Day,"25 Mar 2026, 18:06","25 Mar 2026, 19:32",,Lat Pulldown (Cable),,,1,normal,65.00,143.30,9,,,,
Pull Day,"25 Mar 2026, 18:06","25 Mar 2026, 19:32",,Lat Pulldown (Cable),,,2,normal,65.00,143.30,12,,,,
Pull Day,"25 Mar 2026, 18:06","25 Mar 2026, 19:32",,Lat Pulldown (Cable),,,3,normal,62.50,137.79,8,,,,
Pull Day,"25 Mar 2026, 18:06","25 Mar 2026, 19:32",,Bent Over Row (Barbell),,,0,normal,52.50,115.74,10,,,,
Pull Day,"25 Mar 2026, 18:06","25 Mar 2026, 19:32",,Bent Over Row (Barbell),,,1,normal,52.50,115.74,6,,,,
Pull Day,"25 Mar 2026, 18:06","25 Mar 2026, 19:32",,Bent Over Row (Barbell),,,2,normal,52.50,115.74,8,,,,
Pull Day,"25 Mar 2026, 18:06","25 Mar 2026, 19:32",,Pull Up,,,0,normal,,,9,,,,
Pull Day,"25 Mar 2026, 18:06","25 Mar 2026, 19:32",,Pull Up,,,1,normal,,,6,,,,
Pull Day,"25 Mar 2026, 18:06","25 Mar 2026, 19:32",,Pull Up,,,2,normal,,,7,,,,
Pull Day,"25 Mar 2026, 18:06","25 Mar 2026, 19:32",,Bicep Curl (Dumbbell),,,0,normal,15.00,33.07,12,,,,
Pull Day,"25 Mar 2026, 18:06","25 Mar 2026, 19:32",,Bicep Curl (Dumbbell),,,1,normal,15.00,33.07,9,,,,
Pull Day,"25 Mar 2026, 18:06","25 Mar 2026, 19:32",,Bicep Curl (Dumbbell),,,2,normal,15.00,33.07,12,,,,
Pull Day,"25 Mar 2026, 18:06","25 Mar 2026, 19:32",,Face Pull (Cable),,,0,normal,17.50,38.58,14,,,,
Pull Day,"25 Mar 2026, 18:06","25 Mar 2026, 19:32",,Face Pull (Cable),,,1,normal,17.50,38.58,14,,,,
Pull Day,"25 Mar 2026, 18:06","25 Mar 2026, 19:32",,Face Pull (Cable),,,2,normal,15.00,33.07,14,,,,
Leg Day,"27 Mar 2026, 19:04","27 Mar 2026, 20:15",,Squat (Barbell),,,0,warmup,50.00,110.23,7,,,,
Leg Day,"27 Mar 2026, 19:04","27 Mar 2026, 20:15",,Squat (Barbell),,,1,warmup,50.00,110.23,9,,,,
Leg Day,"27 Mar 2026, 19:04","27 Mar 2026, 20:15",,Squat (Barbell),,,2,normal,97.50,214.95,8,,,,
Leg Day,"27 Mar 2026, 19:04","27 Mar 2026, 20:15",,Squat (Barbell),,,3,normal,97.50,214.95,7,,,,
Leg Day,"27 Mar 2026, 19:04","27 Mar 2026, 20:15",,Squat (Barbell),,,4,normal,95.00,209.44,6,,,,
Leg Day,"27 Mar 2026, 19:04","27 Mar 2026, 20:15",,Romanian Deadlift (Barbell),,,0,normal,77.50,170.86,8,,,,
Leg Day,"27 Mar 2026, 19:04","27 Mar 2026, 20:15",,Romanian Deadlift (Barbell),,,1,normal,77.50,170.86,9,,,,
Leg Day,"27 Mar 2026, 19:04","27 Mar 2026, 20:15",,Romanian Deadlift (Barbell),,,2,normal,77.50,170.86,10,,,,
Leg Day,"27 Mar 2026, 19:04","27 Mar 2026, 20:15",,Leg Press,,,0,normal,132.50,292.11,13,,,,
Leg Day,"27 Mar 2026, 19:04","27 Mar 2026, 20:15",,Leg Press,,,1,normal,135.00,297.62,14,,,,
Leg Day,"27 Mar 2026, 19:04","27 Mar 2026, 20:15",,Leg Press,,,2,normal,135.00,297.62,10,,,,
Leg Day,"27 Mar 2026, 19:04","27 Mar 2026, 20:15",,Leg Curl (Lying),,,0,normal,27.50,60.63,14,,,,
Leg Day,"27 Mar 2026, 19:04","27 Mar 2026, 20:15",,Leg Curl (Lying),,,1,normal,27.50,60.63,10,,,,
Leg Day,"27 Mar 2026, 19:04","27 Mar 2026, 20:15",,Leg Curl (Lying),,,2,normal,27.50,60.63,12,,,,
Leg Day,"27 Mar 2026, 19:04","27 Mar 2026, 20:15",,Calf Raise (Standing),,,0,normal,62.50,137.79,14,,,,
Leg Day,"27 Mar 2026, 19:04","27 Mar 2026, 20:15",,Calf Raise (Standing),,,1,normal,62.50,137.79,16,,,,
Leg Day,"27 Mar 2026, 19:04","27 Mar 2026, 20:15",,Calf Raise (Standing),,,2,normal,62.50,137.79,14,,,,
Leg Day,"27 Mar 2026, 19:04","27 Mar 2026, 20:15",,Plank,,,0,normal,,,4,,,,
Leg Day,"27 Mar 2026, 19:04","27 Mar 2026, 20:15",,Plank,,,1,normal,,,3,,,,
Push Day,"29 Mar 2026, 18:23","29 Mar 2026, 19:55",,Bench Press (Barbell),,,0,warmup,37.50,82.67,10,,,,
Push Day,"29 Mar 2026, 18:23","29 Mar 2026, 19:55",,Bench Press (Barbell),,,1,normal,77.50,170.86,6,,,,
Push Day,"29 Mar 2026, 18:23","29 Mar 2026, 19:55",,Bench Press (Barbell),,,2,normal,77.50,170.86,9,,,,
Push Day,"29 Mar 2026, 18:23","29 Mar 2026, 19:55",,Bench Press (Barbell),,,3,normal,77.50,170.86,6,,,,
Push Day,"29 Mar 2026, 18:23","29 Mar 2026, 19:55",,Overhead Press (Barbell),,,0,warmup,25.00,55.12,6,,,,
Push Day,"29 Mar 2026, 18:23","29 Mar 2026, 19:55",,Overhead Press (Barbell),,,1,normal,45.00,99.21,7,,,,
Push Day,"29 Mar 2026, 18:23","29 Mar 2026, 19:55",,Overhead Press (Barbell),,,2,normal,45.00,99.21,7,,,,
Push Day,"29 Mar 2026, 18:23","29 Mar 2026, 19:55",,Overhead Press (Barbell),,,3,normal,45.00,99.21,8,,,,
Push Day,"29 Mar 2026, 18:23","29 Mar 2026, 19:55",,Incline Bench Press (Dumbbell),,,0,normal,22.50,49.60,8,,,,
Push Day,"29 Mar 2026, 18:23","29 Mar 2026, 19:55",,Incline Bench Press (Dumbbell),,,1,normal,25.00,55.12,10,,,,
Push Day,"29 Mar 2026, 18:23","29 Mar 2026, 19:55",,Incline Bench Press (Dumbbell),,,2,normal,22.50,49.60,11,,,,
Push Day,"29 Mar 2026, 18:23","29 Mar 2026, 19:55",,Lateral Raise (Dumbbell),,,0,normal,10.00,22.05,10,,,,
Push Day,"29 Mar 2026, 18:23","29 Mar 2026, 19:55",,Lateral Raise (Dumbbell),,,1,normal,10.00,22.05,14,,,,
Push Day,"29 Mar 2026, 18:23","29 Mar 2026, 19:55",,Lateral Raise (Dumbbell),,,2,normal,10.00,22.05,10,,,,
Push Day,"29 Mar 2026, 18:23","29 Mar 2026, 19:55",,Triceps Pushdown,,,0,normal,27.50,60.63,12,,,,
Push Day,"29 Mar 2026, 18:23","29 Mar 2026, 19:55",,Triceps Pushdown,,,1,normal,27.50,60.63,13,,,,
Push Day,"29 Mar 2026, 18:23","29 Mar 2026, 19:55",,Triceps Pushdown,,,2,normal,27.50,60.63,10,,,,
Pull Day,"31 Mar 2026, 18:07","31 Mar 2026, 19:10",,Deadlift (Barbell),,,0,warmup,60.00,132.28,6,,,,
Pull Day,"31 Mar 2026, 18:07","31 Mar 2026, 19:10",,Deadlift (Barbell),,,1,warmup,60.00,132.28,7,,,,
Pull Day,"31 Mar 2026, 18:07","31 Mar 2026, 19:10",,Deadlift (Barbell),,,2,normal,122.50,270.07,5,,,,
Pull Day,"31 Mar 2026, 18:07","31 Mar 2026, 19:10",,Deadlift (Barbell),,,3,normal,122.50,270.07,6,,,,
Pull Day,"31 Mar 2026, 18:07","31 Mar 2026, 19:10",,Deadlift (Barbell),,,4,normal,120.00,264.55,7,,,,
Pull Day,"31 Mar 2026, 18:07","31 Mar 2026, 19:10",,Lat Pulldown (Cable),,,0,normal,67.50,148.81,9,,,,
Pull Day,"31 Mar 2026, 18:07","31 Mar 2026, 19:10",,Lat Pulldown (Cable),,,1,normal,67.50,148.81,8,,,,
Pull Day,"31 Mar 2026, 18:07","31 Mar 2026, 19:10",,Lat Pulldown (Cable),,,2,normal,67.50,148.81,8,,,,
Pull Day,"31 Mar 2026, 18:07","31 Mar 2026, 19:10",,Lat Pulldown (Cable),,,3,normal,67.50,148.81,8,,,,
Pull Day,"31 Mar 2026, 18:07","31 Mar 2026, 19:10",,Bent Over Row (Barbell),,,0,normal,55.00,121.25,6,,,,
Pull Day,"31 Mar 2026, 18:07","31 Mar 2026, 19:10",,Bent Over Row (Barbell),,,1,normal,55.00,121.25,7,,,,
Pull Day,"31 Mar 2026, 18:07","31 Mar 2026, 19:10",,Bent Over Row (Barbell),,,2,normal,55.00,121.25,8,,,,
Pull Day,"31 Mar 2026, 18:07","31 Mar 2026, 19:10",,Pull Up,,,0,normal,,,10,,,,
Pull Day,"31 Mar 2026, 18:07","31 Mar 2026, 19:10",,Pull Up,,,1,normal,,,8,,,,
Pull Day,"31 Mar 2026, 18:07","31 Mar 2026, 19:10",,Pull Up,,,2,normal,,,9,,,,
Pull Day,"31 Mar 2026, 18:07","31 Mar 2026, 19:10",,Bicep Curl (Dumbbell),,,0,normal,15.00,33.07,11,,,,
Pull Day,"31 Mar 2026, 18:07","31 Mar 2026, 19:10",,Bicep Curl (Dumbbell),,,1,normal,15.00,33.07,12,,,,
Pull Day,"31 Mar 2026, 18:07","31 Mar 2026, 19:10",,Bicep Curl (Dumbbell),,,2,normal,12.50,27.56,9,,,,
Pull Day,"31 Mar 2026, 18:07","31 Mar 2026, 19:10",,Face Pull (Cable),,,0,normal,17.50,38.58,17,,,,
Pull Day,"31 Mar 2026, 18:07","31 Mar 2026, 19:10",,Face Pull (Cable),,,1,normal,17.50,38.58,14,,,,
Pull Day,"31 Mar 2026, 18:07","31 Mar 2026, 19:10",,Face Pull (Cable),,,2,normal,17.50,38.58,15,,,,
Leg Day,"10 Apr 2026, 18:17","10 Apr 2026, 19:12",,Squat (Barbell),,,0,warmup,50.00,110.23,8,,,,
Leg Day,"10 Apr 2026, 18:17","10 Apr 2026, 19:12",,Squat (Barbell),,,1,warmup,50.00,110.23,7,,,,
Leg Day,"10 Apr 2026, 18:17","10 Apr 2026, 19:12",,Squat (Barbell),,,2,normal,102.50,225.97,8,,,,
Leg Day,"10 Apr 2026, 18:17","10 Apr 2026, 19:12",,Squat (Barbell),,,3,normal,102.50,225.97,4,,,,
Leg Day,"10 Apr 2026, 18:17","10 Apr 2026, 19:12",,Squat (Barbell),,,4,normal,102.50,225.97,6,,,,
Leg Day,"10 Apr 2026, 18:17","10 Apr 2026, 19:12",,Romanian Deadlift (Barbell),,,0,normal,80.00,176.37,10,,,,
Leg Day,"10 Apr 2026, 18:17","10 Apr 2026, 19:12",,Romanian Deadlift (Barbell),,,1,normal,80.00,176.37,9,,,,
Leg Day,"10 Apr 2026, 18:17","10 Apr 2026, 19:12",,Romanian Deadlift (Barbell),,,2,normal,80.00,176.37,9,,,,
Leg Day,"10 Apr 2026, 18:17","10 Apr 2026, 19:12",,Leg Press,,,0,normal,140.00,308.65,12,,,,
Leg Day,"10 Apr 2026, 18:17","10 Apr 2026, 19:12",,Leg Press,,,1,normal,140.00,308.65,14,,,,
Leg Day,"10 Apr 2026, 18:17","10 Apr 2026, 19:12",,Leg Press,,,2,normal,140.00,308.65,12,,,,
Leg Day,"10 Apr 2026, 18:17","10 Apr 2026, 19:12",,Leg Curl (Lying),,,0,normal,27.50,60.63,11,,,,
Leg Day,"10 Apr 2026, 18:17","10 Apr 2026, 19:12",,Leg Curl (Lying),,,1,normal,27.50,60.63,11,,,,
Leg Day,"10 Apr 2026, 18:17","10 Apr 2026, 19:12",,Leg Curl (Lying),,,2,normal,27.50,60.63,13,,,,
Leg Day,"10 Apr 2026, 18:17","10 Apr 2026, 19:12",,Calf Raise (Standing),,,0,normal,62.50,137.79,16,,,,
Leg Day,"10 Apr 2026, 18:17","10 Apr 2026, 19:12",,Calf Raise (Standing),,,1,normal,65.00,143.30,16,,,,
Leg Day,"10 Apr 2026, 18:17","10 Apr 2026, 19:12",,Calf Raise (Standing),,,2,normal,65.00,143.30,14,,,,
Leg Day,"10 Apr 2026, 18:17","10 Apr 2026, 19:12",,Plank,,,0,normal,,,3,,,,
Leg Day,"10 Apr 2026, 18:17","10 Apr 2026, 19:12",,Plank,,,1,normal,,,3,,,,
Push Day,"11 Apr 2026, 07:21","11 Apr 2026, 08:50",,Bench Press (Barbell),,,0,warmup,37.50,82.67,6,,,,
Push Day,"11 Apr 2026, 07:21","11 Apr 2026, 08:50",,Bench Press (Barbell),,,1,normal,77.50,170.86,10,,,,
Push Day,"11 Apr 2026, 07:21","11 Apr 2026, 08:50",,Bench Press (Barbell),,,2,normal,77.50,170.86,6,,,,
Push Day,"11 Apr 2026, 07:21","11 Apr 2026, 08:50",,Bench Press (Barbell),,,3,normal,77.50,170.86,9,,,,
Push Day,"11 Apr 2026, 07:21","11 Apr 2026, 08:50",,Overhead Press (Barbell),,,0,warmup,25.00,55.12,5,,,,
Push Day,"11 Apr 2026, 07:21","11 Apr 2026, 08:50",,Overhead Press (Barbell),,,1,normal,47.50,104.72,7,,,,
Push Day,"11 Apr 2026, 07:21","11 Apr 2026, 08:50",,Overhead Press (Barbell),,,2,normal,45.00,99.21,5,,,,
Push Day,"11 Apr 2026, 07:21","11 Apr 2026, 08:50",,Overhead Press (Barbell),,,3,normal,47.50,104.72,5,,,,
Push Day,"11 Apr 2026, 07:21","11 Apr 2026, 08:50",,Incline Bench Press (Dumbbell),,,0,normal,22.50,49.60,10,,,,
Push Day,"11 Apr 2026, 07:21","11 Apr 2026, 08:50",,Incline Bench Press (Dumbbell),,,1,normal,25.00,55.12,11,,,,
Push Day,"11 Apr 2026, 07:21","11 Apr 2026, 08:50",,Incline Bench Press (Dumbbell),,,2,normal,25.00,55.12,10,,,,
Push Day,"11 Apr 2026, 07:21","11 Apr 2026, 08:50",,Lateral Raise (Dumbbell),,,0,normal,10.00,22.05,14,,,,
Push Day,"11 Apr 2026, 07:21","11 Apr 2026, 08:50",,Lateral Raise (Dumbbell),,,1,normal,10.00,22.05,12,,,,
Push Day,"11 Apr 2026, 07:21","11 Apr 2026, 08:50",,Lateral Raise (Dumbbell),,,2,normal,10.00,22.05,13,,,,
Push Day,"11 Apr 2026, 07:21","11 Apr 2026, 08:50",,Triceps Pushdown,,,0,normal,30.00,66.14,10,,,,
Push Day,"11 Apr 2026, 07:21","11 Apr 2026, 08:50",,Triceps Pushdown,,,1,normal,30.00,66.14,11,,,,
Push Day,"11 Apr 2026, 07:21","11 Apr 2026, 08:50",,Triceps Pushdown,,,2,normal,30.00,66.14,12,,,,
Pull Day,"12 Apr 2026, 18:03","12 Apr 2026, 19:16",,Deadlift (Barbell),,,0,warmup,60.00,132.28,6,,,,
Pull Day,"12 Apr 2026, 18:03","12 Apr 2026, 19:16",,Deadlift (Barbell),,,1,warmup,60.00,132.28,10,,,,
Pull Day,"12 Apr 2026, 18:03","12 Apr 2026, 19:16",,Deadlift (Barbell),,,2,normal,122.50,270.07,3,,,,
Pull Day,"12 Apr 2026, 18:03","12 Apr 2026, 19:16",,Deadlift (Barbell),,,3,normal,125.00,275.58,3,,,,
Pull Day,"12 Apr 2026, 18:03","12 Apr 2026, 19:16",,Deadlift (Barbell),,,4,normal,125.00,275.58,5,,,,
Pull Day,"12 Apr 2026, 18:03","12 Apr 2026, 19:16",,Lat Pulldown (Cable),,,0,normal,67.50,148.81,8,,,,
Pull Day,"12 Apr 2026, 18:03","12 Apr 2026, 19:16",,Lat Pulldown (Cable),,,1,normal,67.50,148.81,8,,,,
Pull Day,"12 Apr 2026, 18:03","12 Apr 2026, 19:16",,Lat Pulldown (Cable),,,2,normal,67.50,148.81,10,,,,
Pull Day,"12 Apr 2026, 18:03","12 Apr 2026, 19:16",,Lat Pulldown (Cable),,,3,normal,67.50,148.81,9,,,,
Pull Day,"12 Apr 2026, 18:03","12 Apr 2026, 19:16",,Bent Over Row (Barbell),,,0,normal,55.00,121.25,10,,,,
Pull Day,"12 Apr 2026, 18:03","12 Apr 2026, 19:16",,Bent Over Row (Barbell),,,1,normal,55.00,121.25,7,,,,
Pull Day,"12 Apr 2026, 18:03","12 Apr 2026, 19:16",,Bent Over Row (Barbell),,,2,normal,55.00,121.25,6,,,,
Pull Day,"12 Apr 2026, 18:03","12 Apr 2026, 19:16",,Pull Up,,,0,normal,,,11,,,,
Pull Day,"12 Apr 2026, 18:03","12 Apr 2026, 19:16",,Pull Up,,,1,normal,,,10,,,,
Pull Day,"12 Apr 2026, 18:03","12 Apr 2026, 19:16",,Pull Up,,,2,normal,,,11,,,,
Pull Day,"12 Apr 2026, 18:03","12 Apr 2026, 19:16",,Bicep Curl (Dumbbell),,,0,normal,15.00,33.07,11,,,,
Pull Day,"12 Apr 2026, 18:03","12 Apr 2026, 19:16",,Bicep Curl (Dumbbell),,,1,normal,15.00,33.07,9,,,,
Pull Day,"12 Apr 2026, 18:03","12 Apr 2026, 19:16",,Bicep Curl (Dumbbell),,,2,normal,15.00,33.07,10,,,,
Pull Day,"12 Apr 2026, 18:03","12 Apr 2026, 19:16",,Face Pull (Cable),,,0,normal,17.50,38.58,13,,,,
Pull Day,"12 Apr 2026, 18:03","12 Apr 2026, 19:16",,Face Pull (Cable),,,1,normal,17.50,38.58,16,,,,
Pull Day,"12 Apr 2026, 18:03","12 Apr 2026, 19:16",,Face Pull (Cable),,,2,normal,17.50,38.58,17,,,,
Leg Day,"15 Apr 2026, 18:16","15 Apr 2026, 19:22",,Squat (Barbell),,,0,warmup,50.00,110.23,6,,,,
Leg Day,"15 Apr 2026, 18:16","15 Apr 2026, 19:22",,Squat (Barbell),,,1,warmup,50.00,110.23,5,,,,
Leg Day,"15 Apr 2026, 18:16","15 Apr 2026, 19:22",,Squat (Barbell),,,2,normal,102.50,225.97,6,,,,
Leg Day,"15 Apr 2026, 18:16","15 Apr 2026, 19:22",,Squat (Barbell),,,3,normal,102.50,225.97,6,,,,
Leg Day,"15 Apr 2026, 18:16","15 Apr 2026, 19:22",,Squat (Barbell),,,4,normal,102.50,225.97,7,,,,
Leg Day,"15 Apr 2026, 18:16","15 Apr 2026, 19:22",,Romanian Deadlift (Barbell),,,0,normal,80.00,176.37,9,,,,
Leg Day,"15 Apr 2026, 18:16","15 Apr 2026, 19:22",,Romanian Deadlift (Barbell),,,1,normal,80.00,176.37,7,,,,
Leg Day,"15 Apr 2026, 18:16","15 Apr 2026, 19:22",,Romanian Deadlift (Barbell),,,2,normal,80.00,176.37,9,,,,
Leg Day,"15 Apr 2026, 18:16","15 Apr 2026, 19:22",,Leg Press,,,0,normal,137.50,303.14,13,,,,
Leg Day,"15 Apr 2026, 18:16","15 Apr 2026, 19:22",,Leg Press,,,1,normal,140.00,308.65,14,,,,
Leg Day,"15 Apr 2026, 18:16","15 Apr 2026, 19:22",,Leg Press,,,2,normal,140.00,308.65,12,,,,
Leg Day,"15 Apr 2026, 18:16","15 Apr 2026, 19:22",,Leg Curl (Lying),,,0,normal,25.00,55.12,13,,,,
Leg Day,"15 Apr 2026, 18:16","15 Apr 2026, 19:22",,Leg Curl (Lying),,,1,normal,27.50,60.63,14,,,,
Leg Day,"15 Apr 2026, 18:16","15 Apr 2026, 19:22",,Leg Curl (Lying),,,2,normal,27.50,60.63,10,,,,
Leg Day,"15 Apr 2026, 18:16","15 Apr 2026, 19:22",,Calf Raise (Standing),,,0,normal,65.00,143.30,16,,,,
Leg Day,"15 Apr 2026, 18:16","15 Apr 2026, 19:22",,Calf Raise (Standing),,,1,normal,65.00,143.30,15,,,,
Leg Day,"15 Apr 2026, 18:16","15 Apr 2026, 19:22",,Calf Raise (Standing),,,2,normal,65.00,143.30,14,,,,
Leg Day,"15 Apr 2026, 18:16","15 Apr 2026, 19:22",,Plank,,,0,normal,,,5,,,,
Leg Day,"15 Apr 2026, 18:16","15 Apr 2026, 19:22",,Plank,,,1,normal,,,3,,,,
Push Day,"18 Apr 2026, 08:04","18 Apr 2026, 09:22",,Bench Press (Barbell),,,0,warmup,37.50,82.67,6,,,,
Push Day,"18 Apr 2026, 08:04","18 Apr 2026, 09:22",,Bench Press (Barbell),,,1,normal,80.00,176.37,10,,,,
Push Day,"18 Apr 2026, 08:04","18 Apr 2026, 09:22",,Bench Press (Barbell),,,2,normal,80.00,176.37,7,,,,
Push Day,"18 Apr 2026, 08:04","18 Apr 2026, 09:22",,Bench Press (Barbell),,,3,normal,80.00,176.37,6,,,,
Push Day,"18 Apr 2026, 08:04","18 Apr 2026, 09:22",,Overhead Press (Barbell),,,0,warmup,25.00,55.12,7,,,,
Push Day,"18 Apr 2026, 08:04","18 Apr 2026, 09:22",,Overhead Press (Barbell),,,1,normal,47.50,104.72,4,,,,
Push Day,"18 Apr 2026, 08:04","18 Apr 2026, 09:22",,Overhead Press (Barbell),,,2,normal,47.50,104.72,5,,,,
Push Day,"18 Apr 2026, 08:04","18 Apr 2026, 09:22",,Overhead Press (Barbell),,,3,normal,45.00,99.21,6,,,,
Push Day,"18 Apr 2026, 08:04","18 Apr 2026, 09:22",,Incline Bench Press (Dumbbell),,,0,normal,25.00,55.12,11,,,,
Push Day,"18 Apr 2026, 08:04","18 Apr 2026, 09:22",,Incline Bench Press (Dumbbell),,,1,normal,25.00,55.12,9,,,,
Push Day,"18 Apr 2026, 08:04","18 Apr 2026, 09:22",,Incline Bench Press (Dumbbell),,,2,normal,25.00,55.12,10,,,,
Push Day,"18 Apr 2026, 08:04","18 Apr 2026, 09:22",,Lateral Raise (Dumbbell),,,0,normal,12.50,27.56,12,,,,
Push Day,"18 Apr 2026, 08:04","18 Apr 2026, 09:22",,Lateral Raise (Dumbbell),,,1,normal,12.50,27.56,12,,,,
Push Day,"18 Apr 2026, 08:04","18 Apr 2026, 09:22",,Lateral Raise (Dumbbell),,,2,normal,12.50,27.56,13,,,,
Push Day,"18 Apr 2026, 08:04","18 Apr 2026, 09:22",,Triceps Pushdown,,,0,normal,30.00,66.14,12,,,,
Push Day,"18 Apr 2026, 08:04","18 Apr 2026, 09:22",,Triceps Pushdown,,,1,normal,30.00,66.14,12,,,,
Push Day,"18 Apr 2026, 08:04","18 Apr 2026, 09:22",,Triceps Pushdown,,,2,normal,30.00,66.14,13,,,,
Pull Day,"19 Apr 2026, 07:19","19 Apr 2026, 08:34",,Deadlift (Barbell),,,0,warmup,60.00,132.28,5,,,,
Pull Day,"19 Apr 2026, 07:19","19 Apr 2026, 08:34",,Deadlift (Barbell),,,1,warmup,60.00,132.28,6,,,,
Pull Day,"19 Apr 2026, 07:19","19 Apr 2026, 08:34",,Deadlift (Barbell),,,2,normal,127.50,281.09,4,,,,
Pull Day,"19 Apr 2026, 07:19","19 Apr 2026, 08:34",,Deadlift (Barbell),,,3,normal,127.50,281.09,6,,,,
Pull Day,"19 Apr 2026, 07:19","19 Apr 2026, 08:34",,Deadlift (Barbell),,,4,normal,127.50,281.09,7,,,,
Pull Day,"19 Apr 2026, 07:19","19 Apr 2026, 08:34",,Lat Pulldown (Cable),,,0,normal,70.00,154.32,11,,,,
Pull Day,"19 Apr 2026, 07:19","19 Apr 2026, 08:34",,Lat Pulldown (Cable),,,1,normal,67.50,148.81,12,,,,
Pull Day,"19 Apr 2026, 07:19","19 Apr 2026, 08:34",,Lat Pulldown (Cable),,,2,normal,67.50,148.81,10,,,,
Pull Day,"19 Apr 2026, 07:19","19 Apr 2026, 08:34",,Lat Pulldown (Cable),,,3,normal,70.00,154.32,10,,,,
Pull Day,"19 Apr 2026, 07:19","19 Apr 2026, 08:34",,Bent Over Row (Barbell),,,0,normal,55.00,121.25,8,,,,
Pull Day,"19 Apr 2026, 07:19","19 Apr 2026, 08:34",,Bent Over Row (Barbell),,,1,normal,52.50,115.74,7,,,,
Pull Day,"19 Apr 2026, 07:19","19 Apr 2026, 08:34",,Bent Over Row (Barbell),,,2,normal,55.00,121.25,10,,,,
Pull Day,"19 Apr 2026, 07:19","19 Apr 2026, 08:34",,Pull Up,,,0,normal,,,11,,,,
Pull Day,"19 Apr 2026, 07:19","19 Apr 2026, 08:34",,Pull Up,,,1,normal,,,9,,,,
Pull Day,"19 Apr 2026, 07:19","19 Apr 2026, 08:34",,Pull Up,,,2,normal,,,11,,,,
Pull Day,"19 Apr 2026, 07:19","19 Apr 2026, 08:34",,Bicep Curl (Dumbbell),,,0,normal,15.00,33.07,8,,,,
Pull Day,"19 Apr 2026, 07:19","19 Apr 2026, 08:34",,Bicep Curl (Dumbbell),,,1,normal,15.00,33.07,11,,,,
Pull Day,"19 Apr 2026, 07:19","19 Apr 2026, 08:34",,Bicep Curl (Dumbbell),,,2,normal,15.00,33.07,10,,,,
Pull Day,"19 Apr 2026, 07:19","19 Apr 2026, 08:34",,Face Pull (Cable),,,0,normal,17.50,38.58,13,,,,
Pull Day,"19 Apr 2026, 07:19","19 Apr 2026, 08:34",,Face Pull (Cable),,,1,normal,15.00,33.07,13,,,,
Pull Day,"19 Apr 2026, 07:19","19 Apr 2026, 08:34",,Face Pull (Cable),,,2,normal,17.50,38.58,16,,,,
Leg Day,"23 Apr 2026, 18:07","23 Apr 2026, 19:05",,Squat (Barbell),,,0,warmup,50.00,110.23,5,,,,
Leg Day,"23 Apr 2026, 18:07","23 Apr 2026, 19:05",,Squat (Barbell),,,1,warmup,50.00,110.23,5,,,,
Leg Day,"23 Apr 2026, 18:07","23 Apr 2026, 19:05",,Squat (Barbell),,,2,normal,105.00,231.49,8,,,,
Leg Day,"23 Apr 2026, 18:07","23 Apr 2026, 19:05",,Squat (Barbell),,,3,normal,102.50,225.97,7,,,,
Leg Day,"23 Apr 2026, 18:07","23 Apr 2026, 19:05",,Squat (Barbell),,,4,normal,105.00,231.49,8,,,,
Leg Day,"23 Apr 2026, 18:07","23 Apr 2026, 19:05",,Romanian Deadlift (Barbell),,,0,normal,82.50,181.88,7,,,,
Leg Day,"23 Apr 2026, 18:07","23 Apr 2026, 19:05",,Romanian Deadlift (Barbell),,,1,normal,82.50,181.88,6,,,,
Leg Day,"23 Apr 2026, 18:07","23 Apr 2026, 19:05",,Romanian Deadlift (Barbell),,,2,normal,82.50,181.88,10,,,,
Leg Day,"23 Apr 2026, 18:07","23 Apr 2026, 19:05",,Leg Press,,,0,normal,145.00,319.67,12,,,,
Leg Day,"23 Apr 2026, 18:07","23 Apr 2026, 19:05",,Leg Press,,,1,normal,142.50,314.16,12,,,,
Leg Day,"23 Apr 2026, 18:07","23 Apr 2026, 19:05",,Leg Press,,,2,normal,145.00,319.67,13,,,,
Leg Day,"23 Apr 2026, 18:07","23 Apr 2026, 19:05",,Leg Curl (Lying),,,0,normal,30.00,66.14,12,,,,
Leg Day,"23 Apr 2026, 18:07","23 Apr 2026, 19:05",,Leg Curl (Lying),,,1,normal,27.50,60.63,12,,,,
Leg Day,"23 Apr 2026, 18:07","23 Apr 2026, 19:05",,Leg Curl (Lying),,,2,normal,30.00,66.14,12,,,,
Leg Day,"23 Apr 2026, 18:07","23 Apr 2026, 19:05",,Calf Raise (Standing),,,0,normal,62.50,137.79,15,,,,
Leg Day,"23 Apr 2026, 18:07","23 Apr 2026, 19:05",,Calf Raise (Standing),,,1,normal,65.00,143.30,13,,,,
Leg Day,"23 Apr 2026, 18:07","23 Apr 2026, 19:05",,Calf Raise (Standing),,,2,normal,65.00,143.30,16,,,,
Leg Day,"23 Apr 2026, 18:07","23 Apr 2026, 19:05",,Plank,,,0,normal,,,3,,,,
Leg Day,"23 Apr 2026, 18:07","23 Apr 2026, 19:05",,Plank,,,1,normal,,,3,,,,
Push Day,"25 Apr 2026, 07:02","25 Apr 2026, 08:28",,Bench Press (Barbell),,,0,warmup,37.50,82.67,10,,,,
Push Day,"25 Apr 2026, 07:02","25 Apr 2026, 08:28",,Bench Press (Barbell),,,1,normal,80.00,176.37,6,,,,
Push Day,"25 Apr 2026, 07:02","25 Apr 2026, 08:28",,Bench Press (Barbell),,,2,normal,77.50,170.86,8,,,,
Push Day,"25 Apr 2026, 07:02","25 Apr 2026, 08:28",,Bench Press (Barbell),,,3,normal,80.00,176.37,7,,,,
Push Day,"25 Apr 2026, 07:02","25 Apr 2026, 08:28",,Overhead Press (Barbell),,,0,warmup,25.00,55.12,9,,,,
Push Day,"25 Apr 2026, 07:02","25 Apr 2026, 08:28",,Overhead Press (Barbell),,,1,normal,47.50,104.72,8,,,,
Push Day,"25 Apr 2026, 07:02","25 Apr 2026, 08:28",,Overhead Press (Barbell),,,2,normal,47.50,104.72,5,,,,
Push Day,"25 Apr 2026, 07:02","25 Apr 2026, 08:28",,Overhead Press (Barbell),,,3,normal,47.50,104.72,5,,,,
Push Day,"25 Apr 2026, 07:02","25 Apr 2026, 08:28",,Incline Bench Press (Dumbbell),,,0,normal,27.50,60.63,9,,,,
Push Day,"25 Apr 2026, 07:02","25 Apr 2026, 08:28",,Incline Bench Press (Dumbbell),,,1,normal,27.50,60.63,12,,,,
Push Day,"25 Apr 2026, 07:02","25 Apr 2026, 08:28",,Incline Bench Press (Dumbbell),,,2,normal,25.00,55.12,9,,,,
Push Day,"25 Apr 2026, 07:02","25 Apr 2026, 08:28",,Lateral Raise (Dumbbell),,,0,normal,12.50,27.56,14,,,,
Push Day,"25 Apr 2026, 07:02","25 Apr 2026, 08:28",,Lateral Raise (Dumbbell),,,1,normal,12.50,27.56,11,,,,
Push Day,"25 Apr 2026, 07:02","25 Apr 2026, 08:28",,Lateral Raise (Dumbbell),,,2,normal,10.00,22.05,10,,,,
Push Day,"25 Apr 2026, 07:02","25 Apr 2026, 08:28",,Triceps Pushdown,,,0,normal,27.50,60.63,12,,,,
Push Day,"25 Apr 2026, 07:02","25 Apr 2026, 08:28",,Triceps Pushdown,,,1,normal,30.00,66.14,11,,,,
Push Day,"25 Apr 2026, 07:02","25 Apr 2026, 08:28",,Triceps Pushdown,,,2,normal,30.00,66.14,10,,,,
Pull Day,"26 Apr 2026, 08:04","26 Apr 2026, 09:29",,Deadlift (Barbell),,,0,warmup,60.00,132.28,6,,,,
Pull Day,"26 Apr 2026, 08:04","26 Apr 2026, 09:29",,Deadlift (Barbell),,,1,warmup,60.00,132.28,7,,,,
Pull Day,"26 Apr 2026, 08:04","26 Apr 2026, 09:29",,Deadlift (Barbell),,,2,normal,127.50,281.09,6,,,,
Pull Day,"26 Apr 2026, 08:04","26 Apr 2026, 09:29",,Deadlift (Barbell),,,3,normal,130.00,286.60,3,,,,
Pull Day,"26 Apr 2026, 08:04","26 Apr 2026, 09:29",,Deadlift (Barbell),,,4,normal,130.00,286.60,5,,,,
Pull Day,"26 Apr 2026, 08:04","26 Apr 2026, 09:29",,Lat Pulldown (Cable),,,0,normal,70.00,154.32,8,,,,
Pull Day,"26 Apr 2026, 08:04","26 Apr 2026, 09:29",,Lat Pulldown (Cable),,,1,normal,70.00,154.32,9,,,,
Pull Day,"26 Apr 2026, 08:04","26 Apr 2026, 09:29",,Lat Pulldown (Cable),,,2,normal,70.00,154.32,8,,,,
Pull Day,"26 Apr 2026, 08:04","26 Apr 2026, 09:29",,Lat Pulldown (Cable),,,3,normal,70.00,154.32,12,,,,
Pull Day,"26 Apr 2026, 08:04","26 Apr 2026, 09:29",,Bent Over Row (Barbell),,,0,normal,55.00,121.25,6,,,,
Pull Day,"26 Apr 2026, 08:04","26 Apr 2026, 09:29",,Bent Over Row (Barbell),,,1,normal,52.50,115.74,9,,,,
Pull Day,"26 Apr 2026, 08:04","26 Apr 2026, 09:29",,Bent Over Row (Barbell),,,2,normal,55.00,121.25,9,,,,
Pull Day,"26 Apr 2026, 08:04","26 Apr 2026, 09:29",,Pull Up,,,0,normal,,,7,,,,
Pull Day,"26 Apr 2026, 08:04","26 Apr 2026, 09:29",,Pull Up,,,1,normal,,,10,,,,
Pull Day,"26 Apr 2026, 08:04","26 Apr 2026, 09:29",,Pull Up,,,2,normal,,,10,,,,
Pull Day,"26 Apr 2026, 08:04","26 Apr 2026, 09:29",,Bicep Curl (Dumbbell),,,0,normal,12.50,27.56,8,,,,
Pull Day,"26 Apr 2026, 08:04","26 Apr 2026, 09:29",,Bicep Curl (Dumbbell),,,1,normal,15.00,33.07,9,,,,
Pull Day,"26 Apr 2026, 08:04","26 Apr 2026, 09:29",,Bicep Curl (Dumbbell),,,2,normal,12.50,27.56,10,,,,
Pull Day,"26 Apr 2026, 08:04","26 Apr 2026, 09:29",,Face Pull (Cable),,,0,normal,17.50,38.58,17,,,,
Pull Day,"26 Apr 2026, 08:04","26 Apr 2026, 09:29",,Face Pull (Cable),,,1,normal,17.50,38.58,15,,,,
Pull Day,"26 Apr 2026, 08:04","26 Apr 2026, 09:29",,Face Pull (Cable),,,2,normal,17.50,38.58,17,,,,
Leg Day,"27 Apr 2026, 08:08","27 Apr 2026, 09:36",,Squat (Barbell),,,0,warmup,50.00,110.23,9,,,,
Leg Day,"27 Apr 2026, 08:08","27 Apr 2026, 09:36",,Squat (Barbell),,,1,warmup,50.00,110.23,7,,,,
Leg Day,"27 Apr 2026, 08:08","27 Apr 2026, 09:36",,Squat (Barbell),,,2,normal,105.00,231.49,8,,,,
Leg Day,"27 Apr 2026, 08:08","27 Apr 2026, 09:36",,Squat (Barbell),,,3,normal,105.00,231.49,4,,,,
Leg Day,"27 Apr 2026, 08:08","27 Apr 2026, 09:36",,Squat (Barbell),,,4,normal,105.00,231.49,8,,,,
Leg Day,"27 Apr 2026, 08:08","27 Apr 2026, 09:36",,Romanian Deadlift (Barbell),,,0,normal,82.50,181.88,7,,,,
Leg Day,"27 Apr 2026, 08:08","27 Apr 2026, 09:36",,Romanian Deadlift (Barbell),,,1,normal,82.50,181.88,7,,,,
Leg Day,"27 Apr 2026, 08:08","27 Apr 2026, 09:36",,Romanian Deadlift (Barbell),,,2,normal,82.50,181.88,9,,,,
Leg Day,"27 Apr 2026, 08:08","27 Apr 2026, 09:36",,Leg Press,,,0,normal,145.00,319.67,10,,,,
Leg Day,"27 Apr 2026, 08:08","27 Apr 2026, 09:36",,Leg Press,,,1,normal,145.00,319.67,12,,,,
Leg Day,"27 Apr 2026, 08:08","27 Apr 2026, 09:36",,Leg Press,,,2,normal,145.00,319.67,12,,,,
Leg Day,"27 Apr 2026, 08:08","27 Apr 2026, 09:36",,Leg Curl (Lying),,,0,normal,30.00,66.14,13,,,,
Leg Day,"27 Apr 2026, 08:08","27 Apr 2026, 09:36",,Leg Curl (Lying),,,1,normal,27.50,60.63,10,,,,
Leg Day,"27 Apr 2026, 08:08","27 Apr 2026, 09:36",,Leg Curl (Lying),,,2,normal,27.50,60.63,10,,,,
Leg Day,"27 Apr 2026, 08:08","27 Apr 2026, 09:36",,Calf Raise (Standing),,,0,normal,65.00,143.30,15,,,,
Leg Day,"27 Apr 2026, 08:08","27 Apr 2026, 09:36",,Calf Raise (Standing),,,1,normal,65.00,143.30,17,,,,
Leg Day,"27 Apr 2026, 08:08","27 Apr 2026, 09:36",,Calf Raise (Standing),,,2,normal,62.50,137.79,17,,,,
Leg Day,"27 Apr 2026, 08:08","27 Apr 2026, 09:36",,Plank,,,0,normal,,,5,,,,
Leg Day,"27 Apr 2026, 08:08","27 Apr 2026, 09:36",,Plank,,,1,normal,,,3,,,,
Push Day,"28 Apr 2026, 19:30","28 Apr 2026, 20:38",,Bench Press (Barbell),,,0,warmup,37.50,82.67,10,,,,
Push Day,"28 Apr 2026, 19:30","28 Apr 2026, 20:38",,Bench Press (Barbell),,,1,normal,80.00,176.37,8,,,,
Push Day,"28 Apr 2026, 19:30","28 Apr 2026, 20:38",,Bench Press (Barbell),,,2,normal,82.50,181.88,9,,,,
Push Day,"28 Apr 2026, 19:30","28 Apr 2026, 20:38",,Bench Press (Barbell),,,3,normal,82.50,181.88,6,,,,
Push Day,"28 Apr 2026, 19:30","28 Apr 2026, 20:38",,Overhead Press (Barbell),,,0,warmup,25.00,55.12,7,,,,
Push Day,"28 Apr 2026, 19:30","28 Apr 2026, 20:38",,Overhead Press (Barbell),,,1,normal,47.50,104.72,6,,,,
Push Day,"28 Apr 2026, 19:30","28 Apr 2026, 20:38",,Overhead Press (Barbell),,,2,normal,45.00,99.21,8,,,,
Push Day,"28 Apr 2026, 19:30","28 Apr 2026, 20:38",,Overhead Press (Barbell),,,3,normal,47.50,104.72,7,,,,
Push Day,"28 Apr 2026, 19:30","28 Apr 2026, 20:38",,Incline Bench Press (Dumbbell),,,0,normal,27.50,60.63,8,,,,
Push Day,"28 Apr 2026, 19:30","28 Apr 2026, 20:38",,Incline Bench Press (Dumbbell),,,1,normal,27.50,60.63,12,,,,
Push Day,"28 Apr 2026, 19:30","28 Apr 2026, 20:38",,Incline Bench Press (Dumbbell),,,2,normal,27.50,60.63,10,,,,
Push Day,"28 Apr 2026, 19:30","28 Apr 2026, 20:38",,Lateral Raise (Dumbbell),,,0,normal,12.50,27.56,13,,,,
Push Day,"28 Apr 2026, 19:30","28 Apr 2026, 20:38",,Lateral Raise (Dumbbell),,,1,normal,12.50,27.56,14,,,,
Push Day,"28 Apr 2026, 19:30","28 Apr 2026, 20:38",,Lateral Raise (Dumbbell),,,2,normal,12.50,27.56,14,,,,
Push Day,"28 Apr 2026, 19:30","28 Apr 2026, 20:38",,Triceps Pushdown,,,0,normal,27.50,60.63,12,,,,
Push Day,"28 Apr 2026, 19:30","28 Apr 2026, 20:38",,Triceps Pushdown,,,1,normal,27.50,60.63,12,,,,
Push Day,"28 Apr 2026, 19:30","28 Apr 2026, 20:38",,Triceps Pushdown,,,2,normal,30.00,66.14,12,,,,
Pull Day,"29 Apr 2026, 08:22","29 Apr 2026, 09:36",,Deadlift (Barbell),,,0,warmup,60.00,132.28,7,,,,
Pull Day,"29 Apr 2026, 08:22","29 Apr 2026, 09:36",,Deadlift (Barbell),,,1,warmup,60.00,132.28,7,,,,
Pull Day,"29 Apr 2026, 08:22","29 Apr 2026, 09:36",,Deadlift (Barbell),,,2,normal,127.50,281.09,4,,,,
Pull Day,"29 Apr 2026, 08:22","29 Apr 2026, 09:36",,Deadlift (Barbell),,,3,normal,130.00,286.60,6,,,,
Pull Day,"29 Apr 2026, 08:22","29 Apr 2026, 09:36",,Deadlift (Barbell),,,4,normal,127.50,281.09,3,,,,
Pull Day,"29 Apr 2026, 08:22","29 Apr 2026, 09:36",,Lat Pulldown (Cable),,,0,normal,67.50,148.81,12,,,,
Pull Day,"29 Apr 2026, 08:22","29 Apr 2026, 09:36",,Lat Pulldown (Cable),,,1,normal,70.00,154.32,11,,,,
Pull Day,"29 Apr 2026, 08:22","29 Apr 2026, 09:36",,Lat Pulldown (Cable),,,2,normal,70.00,154.32,9,,,,
Pull Day,"29 Apr 2026, 08:22","29 Apr 2026, 09:36",,Lat Pulldown (Cable),,,3,normal,70.00,154.32,10,,,,
Pull Day,"29 Apr 2026, 08:22","29 Apr 2026, 09:36",,Bent Over Row (Barbell),,,0,normal,57.50,126.77,10,,,,
Pull Day,"29 Apr 2026, 08:22","29 Apr 2026, 09:36",,Bent Over Row (Barbell),,,1,normal,57.50,126.77,6,,,,
Pull Day,"29 Apr 2026, 08:22","29 Apr 2026, 09:36",,Bent Over Row (Barbell),,,2,normal,57.50,126.77,10,,,,
Pull Day,"29 Apr 2026, 08:22","29 Apr 2026, 09:36",,Pull Up,,,0,normal,,,7,,,,
Pull Day,"29 Apr 2026, 08:22","29 Apr 2026, 09:36",,Pull Up,,,1,normal,,,7,,,,
Pull Day,"29 Apr 2026, 08:22","29 Apr 2026, 09:36",,Pull Up,,,2,normal,,,9,,,,
Pull Day,"29 Apr 2026, 08:22","29 Apr 2026, 09:36",,Bicep Curl (Dumbbell),,,0,normal,15.00,33.07,11,,,,
Pull Day,"29 Apr 2026, 08:22","29 Apr 2026, 09:36",,Bicep Curl (Dumbbell),,,1,normal,15.00,33.07,11,,,,
Pull Day,"29 Apr 2026, 08:22","29 Apr 2026, 09:36",,Bicep Curl (Dumbbell),,,2,normal,15.00,33.07,9,,,,
Pull Day,"29 Apr 2026, 08:22","29 Apr 2026, 09:36",,Face Pull (Cable),,,0,normal,17.50,38.58,13,,,,
Pull Day,"29 Apr 2026, 08:22","29 Apr 2026, 09:36",,Face Pull (Cable),,,1,normal,17.50,38.58,13,,,,
Pull Day,"29 Apr 2026, 08:22","29 Apr 2026, 09:36",,Face Pull (Cable),,,2,normal,17.50,38.58,17,,,,
Leg Day,"01 May 2026, 18:14","01 May 2026, 19:42",,Squat (Barbell),,,0,warmup,50.00,110.23,8,,,,
Leg Day,"01 May 2026, 18:14","01 May 2026, 19:42",,Squat (Barbell),,,1,warmup,50.00,110.23,9,,,,
Leg Day,"01 May 2026, 18:14","01 May 2026, 19:42",,Squat (Barbell),,,2,normal,105.00,231.49,4,,,,
Leg Day,"01 May 2026, 18:14","01 May 2026, 19:42",,Squat (Barbell),,,3,normal,105.00,231.49,8,,,,
Leg Day,"01 May 2026, 18:14","01 May 2026, 19:42",,Squat (Barbell),,,4,normal,102.50,225.97,5,,,,
Leg Day,"01 May 2026, 18:14","01 May 2026, 19:42",,Romanian Deadlift (Barbell),,,0,normal,82.50,181.88,7,,,,
Leg Day,"01 May 2026, 18:14","01 May 2026, 19:42",,Romanian Deadlift (Barbell),,,1,normal,82.50,181.88,8,,,,
Leg Day,"01 May 2026, 18:14","01 May 2026, 19:42",,Romanian Deadlift (Barbell),,,2,normal,82.50,181.88,6,,,,
Leg Day,"01 May 2026, 18:14","01 May 2026, 19:42",,Leg Press,,,0,normal,145.00,319.67,13,,,,
Leg Day,"01 May 2026, 18:14","01 May 2026, 19:42",,Leg Press,,,1,normal,147.50,325.18,13,,,,
Leg Day,"01 May 2026, 18:14","01 May 2026, 19:42",,Leg Press,,,2,normal,147.50,325.18,11,,,,
Leg Day,"01 May 2026, 18:14","01 May 2026, 19:42",,Leg Curl (Lying),,,0,normal,30.00,66.14,12,,,,
Leg Day,"01 May 2026, 18:14","01 May 2026, 19:42",,Leg Curl (Lying),,,1,normal,27.50,60.63,10,,,,
Leg Day,"01 May 2026, 18:14","01 May 2026, 19:42",,Leg Curl (Lying),,,2,normal,30.00,66.14,13,,,,
Leg Day,"01 May 2026, 18:14","01 May 2026, 19:42",,Calf Raise (Standing),,,0,normal,67.50,148.81,15,,,,
Leg Day,"01 May 2026, 18:14","01 May 2026, 19:42",,Calf Raise (Standing),,,1,normal,67.50,148.81,17,,,,
Leg Day,"01 May 2026, 18:14","01 May 2026, 19:42",,Calf Raise (Standing),,,2,normal,67.50,148.81,16,,,,
Leg Day,"01 May 2026, 18:14","01 May 2026, 19:42",,Plank,,,0,normal,,,3,,,,
Leg Day,"01 May 2026, 18:14","01 May 2026, 19:42",,Plank,,,1,normal,,,3,,,,
Push Day,"06 May 2026, 08:00","06 May 2026, 08:59",,Bench Press (Barbell),,,0,warmup,37.50,82.67,8,,,,
Push Day,"06 May 2026, 08:00","06 May 2026, 08:59",,Bench Press (Barbell),,,1,normal,80.00,176.37,8,,,,
Push Day,"06 May 2026, 08:00","06 May 2026, 08:59",,Bench Press (Barbell),,,2,normal,82.50,181.88,10,,,,
Push Day,"06 May 2026, 08:00","06 May 2026, 08:59",,Bench Press (Barbell),,,3,normal,82.50,181.88,8,,,,
Push Day,"06 May 2026, 08:00","06 May 2026, 08:59",,Overhead Press (Barbell),,,0,warmup,25.00,55.12,5,,,,
Push Day,"06 May 2026, 08:00","06 May 2026, 08:59",,Overhead Press (Barbell),,,1,normal,47.50,104.72,4,,,,
Push Day,"06 May 2026, 08:00","06 May 2026, 08:59",,Overhead Press (Barbell),,,2,normal,47.50,104.72,8,,,,
Push Day,"06 May 2026, 08:00","06 May 2026, 08:59",,Overhead Press (Barbell),,,3,normal,47.50,104.72,4,,,,
Push Day,"06 May 2026, 08:00","06 May 2026, 08:59",,Incline Bench Press (Dumbbell),,,0,normal,27.50,60.63,10,,,,
Push Day,"06 May 2026, 08:00","06 May 2026, 08:59",,Incline Bench Press (Dumbbell),,,1,normal,27.50,60.63,9,,,,
Push Day,"06 May 2026, 08:00","06 May 2026, 08:59",,Incline Bench Press (Dumbbell),,,2,normal,27.50,60.63,9,,,,
Push Day,"06 May 2026, 08:00","06 May 2026, 08:59",,Lateral Raise (Dumbbell),,,0,normal,10.00,22.05,10,,,,
Push Day,"06 May 2026, 08:00","06 May 2026, 08:59",,Lateral Raise (Dumbbell),,,1,normal,12.50,27.56,11,,,,
Push Day,"06 May 2026, 08:00","06 May 2026, 08:59",,Lateral Raise (Dumbbell),,,2,normal,12.50,27.56,12,,,,
Push Day,"06 May 2026, 08:00","06 May 2026, 08:59",,Triceps Pushdown,,,0,normal,30.00,66.14,11,,,,
Push Day,"06 May 2026, 08:00","06 May 2026, 08:59",,Triceps Pushdown,,,1,normal,30.00,66.14,11,,,,
Push Day,"06 May 2026, 08:00","06 May 2026, 08:59",,Triceps Pushdown,,,2,normal,30.00,66.14,11,,,,
Pull Day,"07 May 2026, 07:07","07 May 2026, 08:06",,Deadlift (Barbell),,,0,warmup,60.00,132.28,9,,,,
Pull Day,"07 May 2026, 07:07","07 May 2026, 08:06",,Deadlift (Barbell),,,1,warmup,60.00,132.28,6,,,,
Pull Day,"07 May 2026, 07:07","07 May 2026, 08:06",,Deadlift (Barbell),,,2,normal,132.50,292.11,3,,,,
Pull Day,"07 May 2026, 07:07","07 May 2026, 08:06",,Deadlift (Barbell),,,3,normal,132.50,292.11,6,,,,
Pull Day,"07 May 2026, 07:07","07 May 2026, 08:06",,Deadlift (Barbell),,,4,normal,132.50,292.11,7,,,,
Pull Day,"07 May 2026, 07:07","07 May 2026, 08:06",,Lat Pulldown (Cable),,,0,normal,72.50,159.83,11,,,,
Pull Day,"07 May 2026, 07:07","07 May 2026, 08:06",,Lat Pulldown (Cable),,,1,normal,72.50,159.83,12,,,,
Pull Day,"07 May 2026, 07:07","07 May 2026, 08:06",,Lat Pulldown (Cable),,,2,normal,72.50,159.83,12,,,,
Pull Day,"07 May 2026, 07:07","07 May 2026, 08:06",,Lat Pulldown (Cable),,,3,normal,72.50,159.83,10,,,,
Pull Day,"07 May 2026, 07:07","07 May 2026, 08:06",,Bent Over Row (Barbell),,,0,normal,57.50,126.77,6,,,,
Pull Day,"07 May 2026, 07:07","07 May 2026, 08:06",,Bent Over Row (Barbell),,,1,normal,57.50,126.77,8,,,,
Pull Day,"07 May 2026, 07:07","07 May 2026, 08:06",,Bent Over Row (Barbell),,,2,normal,57.50,126.77,10,,,,
Pull Day,"07 May 2026, 07:07","07 May 2026, 08:06",,Pull Up,,,0,normal,,,7,,,,
Pull Day,"07 May 2026, 07:07","07 May 2026, 08:06",,Pull Up,,,1,normal,,,9,,,,
Pull Day,"07 May 2026, 07:07","07 May 2026, 08:06",,Pull Up,,,2,normal,,,11,,,,
Pull Day,"07 May 2026, 07:07","07 May 2026, 08:06",,Bicep Curl (Dumbbell),,,0,normal,12.50,27.56,11,,,,
Pull Day,"07 May 2026, 07:07","07 May 2026, 08:06",,Bicep Curl (Dumbbell),,,1,normal,15.00,33.07,8,,,,
Pull Day,"07 May 2026, 07:07","07 May 2026, 08:06",,Bicep Curl (Dumbbell),,,2,normal,15.00,33.07,10,,,,
Pull Day,"07 May 2026, 07:07","07 May 2026, 08:06",,Face Pull (Cable),,,0,normal,15.00,33.07,13,,,,
Pull Day,"07 May 2026, 07:07","07 May 2026, 08:06",,Face Pull (Cable),,,1,normal,17.50,38.58,17,,,,
Pull Day,"07 May 2026, 07:07","07 May 2026, 08:06",,Face Pull (Cable),,,2,normal,17.50,38.58,17,,,,
Leg Day,"08 May 2026, 18:02","08 May 2026, 19:29",,Squat (Barbell),,,0,warmup,50.00,110.23,9,,,,
Leg Day,"08 May 2026, 18:02","08 May 2026, 19:29",,Squat (Barbell),,,1,warmup,50.00,110.23,10,,,,
Leg Day,"08 May 2026, 18:02","08 May 2026, 19:29",,Squat (Barbell),,,2,normal,107.50,237.00,7,,,,
Leg Day,"08 May 2026, 18:02","08 May 2026, 19:29",,Squat (Barbell),,,3,normal,107.50,237.00,8,,,,
Leg Day,"08 May 2026, 18:02","08 May 2026, 19:29",,Squat (Barbell),,,4,normal,107.50,237.00,6,,,,
Leg Day,"08 May 2026, 18:02","08 May 2026, 19:29",,Romanian Deadlift (Barbell),,,0,normal,85.00,187.39,10,,,,
Leg Day,"08 May 2026, 18:02","08 May 2026, 19:29",,Romanian Deadlift (Barbell),,,1,normal,85.00,187.39,6,,,,
Leg Day,"08 May 2026, 18:02","08 May 2026, 19:29",,Romanian Deadlift (Barbell),,,2,normal,85.00,187.39,8,,,,
Leg Day,"08 May 2026, 18:02","08 May 2026, 19:29",,Leg Press,,,0,normal,150.00,330.69,10,,,,
Leg Day,"08 May 2026, 18:02","08 May 2026, 19:29",,Leg Press,,,1,normal,150.00,330.69,11,,,,
Leg Day,"08 May 2026, 18:02","08 May 2026, 19:29",,Leg Press,,,2,normal,147.50,325.18,13,,,,
Leg Day,"08 May 2026, 18:02","08 May 2026, 19:29",,Leg Curl (Lying),,,0,normal,30.00,66.14,14,,,,
Leg Day,"08 May 2026, 18:02","08 May 2026, 19:29",,Leg Curl (Lying),,,1,normal,30.00,66.14,11,,,,
Leg Day,"08 May 2026, 18:02","08 May 2026, 19:29",,Leg Curl (Lying),,,2,normal,30.00,66.14,12,,,,
Leg Day,"08 May 2026, 18:02","08 May 2026, 19:29",,Calf Raise (Standing),,,0,normal,67.50,148.81,15,,,,
Leg Day,"08 May 2026, 18:02","08 May 2026, 19:29",,Calf Raise (Standing),,,1,normal,67.50,148.81,13,,,,
Leg Day,"08 May 2026, 18:02","08 May 2026, 19:29",,Calf Raise (Standing),,,2,normal,67.50,148.81,15,,,,
Leg Day,"08 May 2026, 18:02","08 May 2026, 19:29",,Plank,,,0,normal,,,3,,,,
Leg Day,"08 May 2026, 18:02","08 May 2026, 19:29",,Plank,,,1,normal,,,3,,,,
Push Day,"10 May 2026, 08:17","10 May 2026, 09:20",,Bench Press (Barbell),,,0,warmup,37.50,82.67,5,,,,
Push Day,"10 May 2026, 08:17","10 May 2026, 09:20",,Bench Press (Barbell),,,1,normal,82.50,181.88,9,,,,
Push Day,"10 May 2026, 08:17","10 May 2026, 09:20",,Bench Press (Barbell),,,2,normal,82.50,181.88,10,,,,
Push Day,"10 May 2026, 08:17","10 May 2026, 09:20",,Bench Press (Barbell),,,3,normal,82.50,181.88,8,,,,
Push Day,"10 May 2026, 08:17","10 May 2026, 09:20",,Overhead Press (Barbell),,,0,warmup,25.00,55.12,5,,,,
Push Day,"10 May 2026, 08:17","10 May 2026, 09:20",,Overhead Press (Barbell),,,1,normal,47.50,104.72,5,,,,
Push Day,"10 May 2026, 08:17","10 May 2026, 09:20",,Overhead Press (Barbell),,,2,normal,47.50,104.72,6,,,,
Push Day,"10 May 2026, 08:17","10 May 2026, 09:20",,Overhead Press (Barbell),,,3,normal,47.50,104.72,7,,,,
Push Day,"10 May 2026, 08:17","10 May 2026, 09:20",,Incline Bench Press (Dumbbell),,,0,normal,25.00,55.12,8,,,,
Push Day,"10 May 2026, 08:17","10 May 2026, 09:20",,Incline Bench Press (Dumbbell),,,1,normal,27.50,60.63,11,,,,
Push Day,"10 May 2026, 08:17","10 May 2026, 09:20",,Incline Bench Press (Dumbbell),,,2,normal,27.50,60.63,10,,,,
Push Day,"10 May 2026, 08:17","10 May 2026, 09:20",,Lateral Raise (Dumbbell),,,0,normal,12.50,27.56,14,,,,
Push Day,"10 May 2026, 08:17","10 May 2026, 09:20",,Lateral Raise (Dumbbell),,,1,normal,10.00,22.05,13,,,,
Push Day,"10 May 2026, 08:17","10 May 2026, 09:20",,Lateral Raise (Dumbbell),,,2,normal,12.50,27.56,10,,,,
Push Day,"10 May 2026, 08:17","10 May 2026, 09:20",,Triceps Pushdown,,,0,normal,30.00,66.14,11,,,,
Push Day,"10 May 2026, 08:17","10 May 2026, 09:20",,Triceps Pushdown,,,1,normal,30.00,66.14,12,,,,
Push Day,"10 May 2026, 08:17","10 May 2026, 09:20",,Triceps Pushdown,,,2,normal,30.00,66.14,13,,,,
Pull Day,"11 May 2026, 19:07","11 May 2026, 20:32",,Deadlift (Barbell),,,0,warmup,60.00,132.28,6,,,,
Pull Day,"11 May 2026, 19:07","11 May 2026, 20:32",,Deadlift (Barbell),,,1,warmup,60.00,132.28,6,,,,
Pull Day,"11 May 2026, 19:07","11 May 2026, 20:32",,Deadlift (Barbell),,,2,normal,135.00,297.62,4,,,,
Pull Day,"11 May 2026, 19:07","11 May 2026, 20:32",,Deadlift (Barbell),,,3,normal,132.50,292.11,3,,,,
Pull Day,"11 May 2026, 19:07","11 May 2026, 20:32",,Deadlift (Barbell),,,4,normal,135.00,297.62,7,,,,
Pull Day,"11 May 2026, 19:07","11 May 2026, 20:32",,Lat Pulldown (Cable),,,0,normal,72.50,159.83,12,,,,
Pull Day,"11 May 2026, 19:07","11 May 2026, 20:32",,Lat Pulldown (Cable),,,1,normal,70.00,154.32,10,,,,
Pull Day,"11 May 2026, 19:07","11 May 2026, 20:32",,Lat Pulldown (Cable),,,2,normal,72.50,159.83,12,,,,
Pull Day,"11 May 2026, 19:07","11 May 2026, 20:32",,Lat Pulldown (Cable),,,3,normal,70.00,154.32,11,,,,
Pull Day,"11 May 2026, 19:07","11 May 2026, 20:32",,Bent Over Row (Barbell),,,0,normal,57.50,126.77,7,,,,
Pull Day,"11 May 2026, 19:07","11 May 2026, 20:32",,Bent Over Row (Barbell),,,1,normal,57.50,126.77,10,,,,
Pull Day,"11 May 2026, 19:07","11 May 2026, 20:32",,Bent Over Row (Barbell),,,2,normal,57.50,126.77,7,,,,
Pull Day,"11 May 2026, 19:07","11 May 2026, 20:32",,Pull Up,,,0,normal,,,11,,,,
Pull Day,"11 May 2026, 19:07","11 May 2026, 20:32",,Pull Up,,,1,normal,,,8,,,,
Pull Day,"11 May 2026, 19:07","11 May 2026, 20:32",,Pull Up,,,2,normal,,,11,,,,
Pull Day,"11 May 2026, 19:07","11 May 2026, 20:32",,Bicep Curl (Dumbbell),,,0,normal,15.00,33.07,9,,,,
Pull Day,"11 May 2026, 19:07","11 May 2026, 20:32",,Bicep Curl (Dumbbell),,,1,normal,15.00,33.07,12,,,,
Pull Day,"11 May 2026, 19:07","11 May 2026, 20:32",,Bicep Curl (Dumbbell),,,2,normal,15.00,33.07,11,,,,
Pull Day,"11 May 2026, 19:07","11 May 2026, 20:32",,Face Pull (Cable),,,0,normal,17.50,38.58,14,,,,
Pull Day,"11 May 2026, 19:07","11 May 2026, 20:32",,Face Pull (Cable),,,1,normal,17.50,38.58,16,,,,
Pull Day,"11 May 2026, 19:07","11 May 2026, 20:32",,Face Pull (Cable),,,2,normal,17.50,38.58,14,,,,
Leg Day,"12 May 2026, 08:03","12 May 2026, 09:04",,Squat (Barbell),,,0,warmup,50.00,110.23,7,,,,
Leg Day,"12 May 2026, 08:03","12 May 2026, 09:04",,Squat (Barbell),,,1,warmup,50.00,110.23,10,,,,
Leg Day,"12 May 2026, 08:03","12 May 2026, 09:04",,Squat (Barbell),,,2,normal,107.50,237.00,7,,,,
Leg Day,"12 May 2026, 08:03","12 May 2026, 09:04",,Squat (Barbell),,,3,normal,107.50,237.00,6,,,,
Leg Day,"12 May 2026, 08:03","12 May 2026, 09:04",,Squat (Barbell),,,4,normal,107.50,237.00,8,,,,
Leg Day,"12 May 2026, 08:03","12 May 2026, 09:04",,Romanian Deadlift (Barbell),,,0,normal,85.00,187.39,7,,,,
Leg Day,"12 May 2026, 08:03","12 May 2026, 09:04",,Romanian Deadlift (Barbell),,,1,normal,85.00,187.39,10,,,,
Leg Day,"12 May 2026, 08:03","12 May 2026, 09:04",,Romanian Deadlift (Barbell),,,2,normal,82.50,181.88,8,,,,
Leg Day,"12 May 2026, 08:03","12 May 2026, 09:04",,Leg Press,,,0,normal,147.50,325.18,13,,,,
Leg Day,"12 May 2026, 08:03","12 May 2026, 09:04",,Leg Press,,,1,normal,150.00,330.69,14,,,,
Leg Day,"12 May 2026, 08:03","12 May 2026, 09:04",,Leg Press,,,2,normal,150.00,330.69,14,,,,
Leg Day,"12 May 2026, 08:03","12 May 2026, 09:04",,Leg Curl (Lying),,,0,normal,30.00,66.14,12,,,,
Leg Day,"12 May 2026, 08:03","12 May 2026, 09:04",,Leg Curl (Lying),,,1,normal,27.50,60.63,11,,,,
Leg Day,"12 May 2026, 08:03","12 May 2026, 09:04",,Leg Curl (Lying),,,2,normal,30.00,66.14,14,,,,
Leg Day,"12 May 2026, 08:03","12 May 2026, 09:04",,Calf Raise (Standing),,,0,normal,65.00,143.30,16,,,,
Leg Day,"12 May 2026, 08:03","12 May 2026, 09:04",,Calf Raise (Standing),,,1,normal,65.00,143.30,14,,,,
Leg Day,"12 May 2026, 08:03","12 May 2026, 09:04",,Calf Raise (Standing),,,2,normal,67.50,148.81,15,,,,
Leg Day,"12 May 2026, 08:03","12 May 2026, 09:04",,Plank,,,0,normal,,,3,,,,
Leg Day,"12 May 2026, 08:03","12 May 2026, 09:04",,Plank,,,1,normal,,,5,,,,
Push Day,"13 May 2026, 18:13","13 May 2026, 19:34",,Bench Press (Barbell),,,0,warmup,37.50,82.67,5,,,,
Push Day,"13 May 2026, 18:13","13 May 2026, 19:34",,Bench Press (Barbell),,,1,normal,82.50,181.88,8,,,,
Push Day,"13 May 2026, 18:13","13 May 2026, 19:34",,Bench Press (Barbell),,,2,normal,82.50,181.88,6,,,,
Push Day,"13 May 2026, 18:13","13 May 2026, 19:34",,Bench Press (Barbell),,,3,normal,82.50,181.88,6,,,,
Push Day,"13 May 2026, 18:13","13 May 2026, 19:34",,Overhead Press (Barbell),,,0,warmup,25.00,55.12,7,,,,
Push Day,"13 May 2026, 18:13","13 May 2026, 19:34",,Overhead Press (Barbell),,,1,normal,47.50,104.72,6,,,,
Push Day,"13 May 2026, 18:13","13 May 2026, 19:34",,Overhead Press (Barbell),,,2,normal,47.50,104.72,5,,,,
Push Day,"13 May 2026, 18:13","13 May 2026, 19:34",,Overhead Press (Barbell),,,3,normal,45.00,99.21,7,,,,
Push Day,"13 May 2026, 18:13","13 May 2026, 19:34",,Incline Bench Press (Dumbbell),,,0,normal,27.50,60.63,9,,,,
Push Day,"13 May 2026, 18:13","13 May 2026, 19:34",,Incline Bench Press (Dumbbell),,,1,normal,27.50,60.63,11,,,,
Push Day,"13 May 2026, 18:13","13 May 2026, 19:34",,Incline Bench Press (Dumbbell),,,2,normal,27.50,60.63,8,,,,
Push Day,"13 May 2026, 18:13","13 May 2026, 19:34",,Lateral Raise (Dumbbell),,,0,normal,12.50,27.56,10,,,,
Push Day,"13 May 2026, 18:13","13 May 2026, 19:34",,Lateral Raise (Dumbbell),,,1,normal,12.50,27.56,11,,,,
Push Day,"13 May 2026, 18:13","13 May 2026, 19:34",,Lateral Raise (Dumbbell),,,2,normal,12.50,27.56,14,,,,
Push Day,"13 May 2026, 18:13","13 May 2026, 19:34",,Triceps Pushdown,,,0,normal,30.00,66.14,10,,,,
Push Day,"13 May 2026, 18:13","13 May 2026, 19:34",,Triceps Pushdown,,,1,normal,30.00,66.14,11,,,,
Push Day,"13 May 2026, 18:13","13 May 2026, 19:34",,Triceps Pushdown,,,2,normal,30.00,66.14,10,,,,
Pull Day,"15 May 2026, 07:01","15 May 2026, 08:21",,Deadlift (Barbell),,,0,warmup,60.00,132.28,6,,,,
Pull Day,"15 May 2026, 07:01","15 May 2026, 08:21",,Deadlift (Barbell),,,1,warmup,60.00,132.28,8,,,,
Pull Day,"15 May 2026, 07:01","15 May 2026, 08:21",,Deadlift (Barbell),,,2,normal,135.00,297.62,7,,,,
Pull Day,"15 May 2026, 07:01","15 May 2026, 08:21",,Deadlift (Barbell),,,3,normal,135.00,297.62,3,,,,
Pull Day,"15 May 2026, 07:01","15 May 2026, 08:21",,Deadlift (Barbell),,,4,normal,135.00,297.62,6,,,,
Pull Day,"15 May 2026, 07:01","15 May 2026, 08:21",,Lat Pulldown (Cable),,,0,normal,72.50,159.83,8,,,,
Pull Day,"15 May 2026, 07:01","15 May 2026, 08:21",,Lat Pulldown (Cable),,,1,normal,72.50,159.83,12,,,,
Pull Day,"15 May 2026, 07:01","15 May 2026, 08:21",,Lat Pulldown (Cable),,,2,normal,72.50,159.83,9,,,,
Pull Day,"15 May 2026, 07:01","15 May 2026, 08:21",,Lat Pulldown (Cable),,,3,normal,72.50,159.83,8,,,,
Pull Day,"15 May 2026, 07:01","15 May 2026, 08:21",,Bent Over Row (Barbell),,,0,normal,57.50,126.77,7,,,,
Pull Day,"15 May 2026, 07:01","15 May 2026, 08:21",,Bent Over Row (Barbell),,,1,normal,57.50,126.77,7,,,,
Pull Day,"15 May 2026, 07:01","15 May 2026, 08:21",,Bent Over Row (Barbell),,,2,normal,57.50,126.77,6,,,,
Pull Day,"15 May 2026, 07:01","15 May 2026, 08:21",,Pull Up,,,0,normal,,,12,,,,
Pull Day,"15 May 2026, 07:01","15 May 2026, 08:21",,Pull Up,,,1,normal,,,10,,,,
Pull Day,"15 May 2026, 07:01","15 May 2026, 08:21",,Pull Up,,,2,normal,,,8,,,,
Pull Day,"15 May 2026, 07:01","15 May 2026, 08:21",,Bicep Curl (Dumbbell),,,0,normal,15.00,33.07,12,,,,
Pull Day,"15 May 2026, 07:01","15 May 2026, 08:21",,Bicep Curl (Dumbbell),,,1,normal,15.00,33.07,12,,,,
Pull Day,"15 May 2026, 07:01","15 May 2026, 08:21",,Bicep Curl (Dumbbell),,,2,normal,15.00,33.07,11,,,,
Pull Day,"15 May 2026, 07:01","15 May 2026, 08:21",,Face Pull (Cable),,,0,normal,20.00,44.09,13,,,,
Pull Day,"15 May 2026, 07:01","15 May 2026, 08:21",,Face Pull (Cable),,,1,normal,20.00,44.09,15,,,,
Pull Day,"15 May 2026, 07:01","15 May 2026, 08:21",,Face Pull (Cable),,,2,normal,20.00,44.09,13,,,,
